insert into type(id,status, name) VALUES (2, 1,'Kontrola Gotówki');
insert into type(id,status, name) VALUES (3, 1,'Kontrola Bezpieczeństwa');
insert into type(id,status, name) VALUES (1, 0,'Kontrola Organizacji Oddziału');

INSERT INTO `branch` (brn,status, email, zip_code, city, name, street) VALUES (357,1,'branch1belchatow@bank.pl','97-400','Bełchatów','Oddział 1 Bełchatów','ul. Kościuszki 16A');
INSERT INTO `branch` (brn,status, email, zip_code, city, name, street) VALUES (165,1,'branch1bedzin@bank.pl','42-500','Będzin','Oddział 1 Będzin','ul. Sączewskiego 17');
INSERT INTO `branch` (brn,status, email, zip_code, city, name, street) VALUES (7,1,'branch1bialystok@bank.pl','15-424','Białystok','Oddział 1 Białystok','ul. Lipowa 45');
INSERT INTO `branch` (brn,status, email, zip_code, city, name, street) VALUES (302,1,'branch1bielskobiala@bank.pl','43-300','Bielsko Biała','Oddział 1 Bielsko Biała','ul. 3 Maja 25');
INSERT INTO `branch` (brn,status, email, zip_code, city, name, street) VALUES (249,1,'branch1bilgoraj@bank.pl','23-400','Biłgoraj','Oddział 1 Biłgoraj','ul. Lubelska 7');
INSERT INTO `branch` (brn,status, email, zip_code, city, name, street) VALUES (26,1,'branch1bydgoszcz@bank.pl','85-006','Bydgoszcz','Oddział 1 Bydgoszcz','ul. Gdańska 36');
INSERT INTO `branch` (brn,status, email, zip_code, city, name, street) VALUES (306,1,'branch1bytom@bank.pl','41-902','Bytom','Oddział 1 Bytom','ul. Katowicka 16');
INSERT INTO `branch` (brn,status, email, zip_code, city, name, street) VALUES (85,1,'branch1chelm@bank.pl','22-100','Chełm','Oddział 1 Chełm','ul. ks. Popiełuszki 9');
INSERT INTO `branch` (brn,status, email, zip_code, city, name, street) VALUES (354,1,'branch1chorzow@bank.pl','41-500','Chorzów','Oddział 1 Chorzów','ul. Powstańców 26');
INSERT INTO `branch` (brn,status, email, zip_code, city, name, street) VALUES (392,1,'branch1chrzanow@bank.pl','32-500','Chrzanów','Oddział 1 Chrzanów','ul. Krakowska 7');
INSERT INTO `branch` (brn,status, email, zip_code, city, name, street) VALUES (290,1,'branch1ciechanow@bank.pl','06-400','Ciechanów','Oddział 1 Ciechanów','ul. Pułtuska 12');
INSERT INTO `branch` (brn,status, email, zip_code, city, name, street) VALUES (310,1,'branch1cieszyn@bank.pl','43-400','Cieszyn','Oddział 1 Cieszyn','ul. Stary Targ 13');
INSERT INTO `branch` (brn,status, email, zip_code, city, name, street) VALUES (328,1,'branch1czestochowa@bank.pl','42-200','Częstochowa','Oddział 1 Częstochowa','al. Najświętszej Maryi Panny 32');
INSERT INTO `branch` (brn,status, email, zip_code, city, name, street) VALUES (186,1,'branch1dabrowagornicza@bank.pl','41-303','Dąbrowa Górnicza','Oddział 1 Dąbrowa Górnicza','ul. Reymonta 19');
INSERT INTO `branch` (brn,status, email, zip_code, city, name, street) VALUES (282,1,'branch1debica@bank.pl','39-200','Dębica','Oddział 1 Dębica','ul. Rynek 31');
INSERT INTO `branch` (brn,status, email, zip_code, city, name, street) VALUES (169,1,'branch1elblag@bank.pl','82-300','Elbląg','Oddział 1 Elbląg','ul. Hetmańska 1');
INSERT INTO `branch` (brn,status, email, zip_code, city, name, street) VALUES (285,1,'branch1elk@bank.pl','19-300','Ełk','Oddział 1 Ełk','ul. Wojska Polskiego 63');
INSERT INTO `branch` (brn,status, email, zip_code, city, name, street) VALUES (180,1,'branch1gdansk@bank.pl','80-850','Gdańsk','Oddział 1 Gdańsk','ul. Rajska 4');
INSERT INTO `branch` (brn,status, email, zip_code, city, name, street) VALUES (283,1,'branch1gdynia@bank.pl','81-364','Gdynia','Oddział 1 Gdynia','ul. 10 Lutego 25');
INSERT INTO `branch` (brn,status, email, zip_code, city, name, street) VALUES (361,1,'branch1gliwice@bank.pl','44-100','Gliwice','Oddział 1 Gliwice','pl. Piłsudskiego 9');
INSERT INTO `branch` (brn,status, email, zip_code, city, name, street) VALUES (276,1,'branch1glogow@bank.pl','67-200','Głogów','Oddział 1 Głogów','al. Wolności 16D');
INSERT INTO `branch` (brn,status, email, zip_code, city, name, street) VALUES (376,1,'branch1glubczyce@bank.pl','48-100','Głubczyce','Oddział 1 Głubczyce','ul. Fabryczna 7');
INSERT INTO `branch` (brn,status, email, zip_code, city, name, street) VALUES (304,1,'branch1gniezno@bank.pl','62-200','Gniezno','Oddział 1 Gniezno','ul. Dąbrówki 3');
INSERT INTO `branch` (brn,status, email, zip_code, city, name, street) VALUES (173,1,'branch1gorzowwlkp.@bank.pl','66-400','Gorzów Wlkp.','Oddział 1 Gorzów Wlkp.','ul. Sikorskiego 111');
INSERT INTO `branch` (brn,status, email, zip_code, city, name, street) VALUES (240,1,'branch1grudziadz@bank.pl','86-300','Grudziądz','Oddział 1 Grudziądz','ul. Sienkiewicza 23');
INSERT INTO `branch` (brn,status, email, zip_code, city, name, street) VALUES (232,1,'branch1hrubieszow@bank.pl','22-500','Hrubieszów','Oddział 1 Hrubieszów','ul. Szewska 1');
INSERT INTO `branch` (brn,status, email, zip_code, city, name, street) VALUES (289,1,'branch1inowroclaw@bank.pl','88-100','Inowrocław','Oddział 1 Inowrocław','ul. Królowej Jadwigi 34');
INSERT INTO `branch` (brn,status, email, zip_code, city, name, street) VALUES (303,1,'branch1jaroslaw@bank.pl','37-500','Jarosław','Oddział 1 Jarosław','ul. Jana Pawła II 3B');
INSERT INTO `branch` (brn,status, email, zip_code, city, name, street) VALUES (260,1,'branch1jastrzebiezdroj@bank.pl','44-335','Jastrzębie Zdrój','Oddział 1 Jastrzębie Zdrój','ul. Harcerska 14');
INSERT INTO `branch` (brn,status, email, zip_code, city, name, street) VALUES (244,1,'branch1jaworzno@bank.pl','43-600','Jaworzno','Oddział 1 Jaworzno','ul. Sienkiewicza 6');
INSERT INTO `branch` (brn,status, email, zip_code, city, name, street) VALUES (235,1,'branch1jeleniagora@bank.pl','58-500','Jelenia Góra','Oddział 1 Jelenia Góra','ul. Konopnickiej 15');
INSERT INTO `branch` (brn,status, email, zip_code, city, name, street) VALUES (265,1,'branch1kalisz@bank.pl','62-800','Kalisz','Oddział 1 Kalisz','ul. Śródmiejska 27');
INSERT INTO `branch` (brn,status, email, zip_code, city, name, street) VALUES (375,1,'branch1katowice@bank.pl','40-006','Katowice','Oddział 1 Katowice','ul. Warszawska 4');
INSERT INTO `branch` (brn,status, email, zip_code, city, name, street) VALUES (393,1,'branch1kielce@bank.pl','25-002','Kielce','Oddział 1 Kielce','ul. Sienkiewicza 73');
INSERT INTO `branch` (brn,status, email, zip_code, city, name, street) VALUES (208,1,'branch1knurow@bank.pl','44-194','Knurów','Oddział 1 Knurów','ul. Kazimierza Wielkiego 20C');
INSERT INTO `branch` (brn,status, email, zip_code, city, name, street) VALUES (269,1,'branch1konin@bank.pl','62-510','Konin','Oddział 1 Konin','al. 1 Maja 15');
INSERT INTO `branch` (brn,status, email, zip_code, city, name, street) VALUES (222,1,'branch1koszalin@bank.pl','75-011','Koszalin','Oddział 1 Koszalin','ul. Zwycięstwa 94-98');
INSERT INTO `branch` (brn,status, email, zip_code, city, name, street) VALUES (243,1,'branch1krakow@bank.pl','31-035','Kraków','Oddział 1 Kraków','ul. Starowiślna 48');
INSERT INTO `branch` (brn,status, email, zip_code, city, name, street) VALUES (198,1,'branch1krasnystaw@bank.pl','22-300','Krasnystaw','Oddział 1 Krasnystaw','ul. PCK 13');
INSERT INTO `branch` (brn,status, email, zip_code, city, name, street) VALUES (117,1,'branch1krosno@bank.pl','38-400','Krosno','Oddział 1 Krosno','ul. Wojska Polskiego 41');
INSERT INTO `branch` (brn,status, email, zip_code, city, name, street) VALUES (277,1,'branch1krotoszyn@bank.pl','63-700','Krotoszyn','Oddział 1 Krotoszyn','ul. Rynek 32');
INSERT INTO `branch` (brn,status, email, zip_code, city, name, street) VALUES (13,1,'branch1legionowo@bank.pl','05-120','Legionowo','Oddział 1 Legionowo','ul. Piłsudskiego 22');
INSERT INTO `branch` (brn,status, email, zip_code, city, name, street) VALUES (156,1,'branch1legnica@bank.pl','59-220','Legnica','Oddział 1 Legnica','ul. Grodzka 76');
INSERT INTO `branch` (brn,status, email, zip_code, city, name, street) VALUES (107,1,'branch1leszno@bank.pl','64-100','Leszno','Oddział 1 Leszno','ul. Narutowicza 1');
INSERT INTO `branch` (brn,status, email, zip_code, city, name, street) VALUES (300,1,'branch1lubin@bank.pl','59-300','Lubin','Oddział 1 Lubin','ul. Armii Krajowej 14A');
INSERT INTO `branch` (brn,status, email, zip_code, city, name, street) VALUES (150,1,'branch1lublin@bank.pl','20-002','Lublin','Oddział 1 Lublin','ul. Krakowskie Przedmieście 17');
INSERT INTO `branch` (brn,status, email, zip_code, city, name, street) VALUES (20,1,'branch1lubon@bank.pl','62-031','Luboń','Oddział 1 Luboń','ul. Żabikowska 62');
INSERT INTO `branch` (brn,status, email, zip_code, city, name, street) VALUES (131,1,'branch1leczna@bank.pl','21-010','Łęczna','Oddział 1 Łęczna','ul. Stefanii Pawlak 18');
INSERT INTO `branch` (brn,status, email, zip_code, city, name, street) VALUES (41,1,'branch1lomza@bank.pl','18-400','Łomża','Oddział 1 Łomża','ul. Wojska Polskiego 95');
INSERT INTO `branch` (brn,status, email, zip_code, city, name, street) VALUES (278,1,'branch1lowicz@bank.pl','99-400','Łowicz','Oddział 1 Łowicz','ul. Długa 2');
INSERT INTO `branch` (brn,status, email, zip_code, city, name, street) VALUES (369,1,'branch1lodź@bank.pl','93-322','Łódź','Oddział 1 Łódź','ul. Kurczaki 12 D,E');
INSERT INTO `branch` (brn,status, email, zip_code, city, name, street) VALUES (342,1,'branch1mielec@bank.pl','39-300','Mielec','Oddział 1 Mielec','al. Niepodległości 14');
INSERT INTO `branch` (brn,status, email, zip_code, city, name, street) VALUES (113,1,'branch1myslowice@bank.pl','41-406','Mysłowice','Oddział 1 Mysłowice','ul. Szopena 2E');
INSERT INTO `branch` (brn,status, email, zip_code, city, name, street) VALUES (262,1,'branch1nysa@bank.pl','48-300','Nysa','Oddział 1 Nysa','Rynek 36');
INSERT INTO `branch` (brn,status, email, zip_code, city, name, street) VALUES (315,1,'branch1olesnica@bank.pl','56-400','Oleśnica','Oddział 1 Oleśnica','ul. 3-go Maja 8-10');
INSERT INTO `branch` (brn,status, email, zip_code, city, name, street) VALUES (377,1,'branch1olsztyn@bank.pl','10-017','Olsztyn','Oddział 1 Olsztyn','ul. Staromiejska 2-5');
INSERT INTO `branch` (brn,status, email, zip_code, city, name, street) VALUES (194,1,'branch1opole@bank.pl','45-015','Opole','Oddział 1 Opole','ul. Rynek 1');
INSERT INTO `branch` (brn,status, email, zip_code, city, name, street) VALUES (95,1,'branch1ostroleka@bank.pl','07-410','Ostrołęka','Oddział 1 Ostrołęka','ul. Goworowska 2B');
INSERT INTO `branch` (brn,status, email, zip_code, city, name, street) VALUES (126,1,'branch1ostrowiecsw@bank.pl','27-400','Ostrowiec Św','Oddział 1 Ostrowiec Św','ul. Traugutta 2');
INSERT INTO `branch` (brn,status, email, zip_code, city, name, street) VALUES (219,1,'branch1ostrowwlkp.@bank.pl','63-400','Ostrów Wlkp.','Oddział 1 Ostrów Wlkp.','ul. Raszkowska 15');
INSERT INTO `branch` (brn,status, email, zip_code, city, name, street) VALUES (51,1,'branch1pabianice@bank.pl','95-200','Pabianice','Oddział 1 Pabianice','ul. Zamkowa 22');
INSERT INTO `branch` (brn,status, email, zip_code, city, name, street) VALUES (199,1,'branch1piaseczno@bank.pl','05-500','Piaseczno','Oddział 1 Piaseczno','ul. Jana Pawła II 13');
INSERT INTO `branch` (brn,status, email, zip_code, city, name, street) VALUES (142,1,'branch1piekaryslaskie@bank.pl','41-940','Piekary Śląskie','Oddział 1 Piekary Śląskie','ul. Bytomska 72');
INSERT INTO `branch` (brn,status, email, zip_code, city, name, street) VALUES (28,1,'branch1pila@bank.pl','64-920','Piła','Oddział 1 Piła','Al. Piastów 16');
INSERT INTO `branch` (brn,status, email, zip_code, city, name, street) VALUES (58,1,'branch1plock@bank.pl','09-400','Płock','Oddział 1 Płock','ul. Królewiecka 14');
INSERT INTO `branch` (brn,status, email, zip_code, city, name, street) VALUES (88,1,'branch1poznan@bank.pl','61-546','Poznań','Oddział 1 Poznań','ul. Czajcza 1A');
INSERT INTO `branch` (brn,status, email, zip_code, city, name, street) VALUES (274,1,'branch1przemysl@bank.pl','37-700','Przemyśl','Oddział 1 Przemyśl','ul. 3-go Maja 14');
INSERT INTO `branch` (brn,status, email, zip_code, city, name, street) VALUES (203,1,'branch1przeworsk@bank.pl','37-200','Przeworsk','Oddział 1 Przeworsk','ul. Jagiellońska 6');
INSERT INTO `branch` (brn,status, email, zip_code, city, name, street) VALUES (144,1,'branch1pszow@bank.pl','44-370','Pszów','Oddział 1 Pszów','ul. Wolczyka 1');
INSERT INTO `branch` (brn,status, email, zip_code, city, name, street) VALUES (230,1,'branch1pulawy@bank.pl','24-100','Puławy','Oddział 1 Puławy','ul. Centralna 21C');
INSERT INTO `branch` (brn,status, email, zip_code, city, name, street) VALUES (75,1,'branch1pyskowice@bank.pl','44-120','Pyskowice','Oddział 1 Pyskowice','ul. Kard. Wyszyńskiego 3');
INSERT INTO `branch` (brn,status, email, zip_code, city, name, street) VALUES (100,1,'branch1raciborz@bank.pl','47-400','Racibórz','Oddział 1 Racibórz','ul. Mickiewicza 18');
INSERT INTO `branch` (brn,status, email, zip_code, city, name, street) VALUES (229,1,'branch1radom@bank.pl','26-610','Radom','Oddział 1 Radom','ul. Żeromskiego 86');
INSERT INTO `branch` (brn,status, email, zip_code, city, name, street) VALUES (181,1,'branch1radomsko@bank.pl','97-500','Radomsko','Oddział 1 Radomsko','ul. Piłsudskiego 7');
INSERT INTO `branch` (brn,status, email, zip_code, city, name, street) VALUES (162,1,'branch1rawicz@bank.pl','63-900','Rawicz','Oddział 1 Rawicz','ul. Rynek 16');
INSERT INTO `branch` (brn,status, email, zip_code, city, name, street) VALUES (331,1,'branch1rudaslaska@bank.pl','41-709','Ruda Śląska','Oddział 1 Ruda Śląska','ul. Niedurnego 30');
INSERT INTO `branch` (brn,status, email, zip_code, city, name, street) VALUES (216,1,'branch1siedlce@bank.pl','08-110','Siedlce','Oddział 1 Siedlce','ul. Świrskiego 52');
INSERT INTO `branch` (brn,status, email, zip_code, city, name, street) VALUES (83,1,'branch1sieradz@bank.pl','98-200','Sieradz','Oddział 1 Sieradz','al. Pokoju 10');
INSERT INTO `branch` (brn,status, email, zip_code, city, name, street) VALUES (185,1,'branch1skierniewice@bank.pl','96-100','Skierniewice','Oddział 1 Skierniewice','ul. Rynek 22');
INSERT INTO `branch` (brn,status, email, zip_code, city, name, street) VALUES (339,1,'branch1slupsk@bank.pl','76-200','Słupsk','Oddział 1 Słupsk','pl. Zwycięstwa 11');
INSERT INTO `branch` (brn,status, email, zip_code, city, name, street) VALUES (389,1,'branch1sochaczew@bank.pl','96-500','Sochaczew','Oddział 1 Sochaczew','ul. Żeromskiego 5A');
INSERT INTO `branch` (brn,status, email, zip_code, city, name, street) VALUES (87,1,'branch1stalowawola@bank.pl','37-450','Stalowa Wola','Oddział 1 Stalowa Wola','ul. L. Okulickiego 7');
INSERT INTO `branch` (brn,status, email, zip_code, city, name, street) VALUES (209,1,'branch1suwalki@bank.pl','16-400','Suwałki','Oddział 1 Suwałki','ul. Noniewicza 38');
INSERT INTO `branch` (brn,status, email, zip_code, city, name, street) VALUES (294,1,'branch1szczecin@bank.pl','70-555','Szczecin','Oddział 1 Szczecin','al. Wyzwolenia 12-14');
INSERT INTO `branch` (brn,status, email, zip_code, city, name, street) VALUES (29,1,'branch1swetochlowice@bank.pl','41-600','Śwętochłowice','Oddział 1 Śwętochłowice','ul. Katowicka 25');
INSERT INTO `branch` (brn,status, email, zip_code, city, name, street) VALUES (275,1,'branch1swidnica@bank.pl','58-100','Świdnica','Oddział 1 Świdnica','Rynek 16');
INSERT INTO `branch` (brn,status, email, zip_code, city, name, street) VALUES (112,1,'branch1tarnobrzeg@bank.pl','39-400','Tarnobrzeg','Oddział 1 Tarnobrzeg','ul. Piłsudskiego 6');
INSERT INTO `branch` (brn,status, email, zip_code, city, name, street) VALUES (321,1,'branch1tarnowskiegory@bank.pl','42-600','Tarnowskie Góry','Oddział 1 Tarnowskie Góry','ul. Krakowska 17');
INSERT INTO `branch` (brn,status, email, zip_code, city, name, street) VALUES (43,1,'branch1tarnow@bank.pl','33-100','Tarnów','Oddział 1 Tarnów','ul. Krakowska 17');
INSERT INTO `branch` (brn,status, email, zip_code, city, name, street) VALUES (270,1,'branch1tczew@bank.pl','83-110','Tczew','Oddział 1 Tczew','ul. Jarosława Dąbrowskiego 11');
INSERT INTO `branch` (brn,status, email, zip_code, city, name, street) VALUES (96,1,'branch1tomaszowlub@bank.pl','22-600','Tomaszów Lub','Oddział 1 Tomaszów Lub','ul. Lwowska 41');
INSERT INTO `branch` (brn,status, email, zip_code, city, name, street) VALUES (42,1,'branch1torun@bank.pl','87-100','Toruń','Oddział 1 Toruń','ul. Szeroka 18');
INSERT INTO `branch` (brn,status, email, zip_code, city, name, street) VALUES (223,1,'branch1turek@bank.pl','62-700','Turek','Oddział 1 Turek','ul. Wojska Polskiego 10');
INSERT INTO `branch` (brn,status, email, zip_code, city, name, street) VALUES (76,1,'branch1walbrzych@bank.pl','58-300','Wałbrzych','Oddział 1 Wałbrzych','ul. Słowackiego 1');
INSERT INTO `branch` (brn,status, email, zip_code, city, name, street) VALUES (330,1,'branch1warszawa@bank.pl','01-588','Warszawa','Oddział 1 Warszawa','ul. Hanki Czaki 2');
INSERT INTO `branch` (brn,status, email, zip_code, city, name, street) VALUES (148,1,'branch1wejherowo@bank.pl','84-200','Wejherowo','Oddział 1 Wejherowo','ul. Jana III Sobieskiego 221');
INSERT INTO `branch` (brn,status, email, zip_code, city, name, street) VALUES (215,1,'branch1wloclawek@bank.pl','87-800','Włocławek','Oddział 1 Włocławek','ul. 3-go Maja 38');
INSERT INTO `branch` (brn,status, email, zip_code, city, name, street) VALUES (182,1,'branch1wodzislawslaski@bank.pl','44-300','Wodzisław Śląski','Oddział 1 Wodzisław Śląski','ul. Jana 16');
INSERT INTO `branch` (brn,status, email, zip_code, city, name, street) VALUES (359,1,'branch1zabrze@bank.pl','41-800','Zabrze','Oddział 1 Zabrze','ul. Wolności 285');
INSERT INTO `branch` (brn,status, email, zip_code, city, name, street) VALUES (82,1,'branch1zakopane@bank.pl','34-500','Zakopane','Oddział 1 Zakopane','ul. Krupówki 3');
INSERT INTO `branch` (brn,status, email, zip_code, city, name, street) VALUES (110,1,'branch1zamosc@bank.pl','22-400','Zamość','Oddział 1 Zamość','ul. Odrodzenia 7');
INSERT INTO `branch` (brn,status, email, zip_code, city, name, street) VALUES (60,1,'branch1zawiercie@bank.pl','42-400','Zawiercie','Oddział 1 Zawiercie','ul. Bohaterów Westerplatte 1');
INSERT INTO `branch` (brn,status, email, zip_code, city, name, street) VALUES (78,1,'branch1zdunskawola@bank.pl','98-220','Zduńska Wola','Oddział 1 Zduńska Wola','ul. Łaska 14');
INSERT INTO `branch` (brn,status, email, zip_code, city, name, street) VALUES (140,1,'branch1zgierz@bank.pl','95-100','Zgierz','Oddział 1 Zgierz','ul. 3-go Maja 5A');
INSERT INTO `branch` (brn,status, email, zip_code, city, name, street) VALUES (258,1,'branch1zgorzelec@bank.pl','59-900','Zgorzelec','Oddział 1 Zgorzelec','ul. Staszica 4');
INSERT INTO `branch` (brn,status, email, zip_code, city, name, street) VALUES (212,1,'branch1zielonagora@bank.pl','65-426','Zielona Góra','Oddział 1 Zielona Góra','ul. Kupiecka 19');
INSERT INTO `branch` (brn,status, email, zip_code, city, name, street) VALUES (238,1,'branch1zory@bank.pl','44-240','Żory','Oddział 1 Żory','ul. Górne Przedmiescie 9');
INSERT INTO `branch` (brn,status, email, zip_code, city, name, street) VALUES (999,1,'departamentkontroli@bank.pl','50-150','Wrocław','Departament Kontroli','ul. Gajowicka 195');

INSERT INTO user (epn,password) VALUES (10001,'$2a$10$hKDVYxLefVHV/vtuPhWD3OigtRyOykRLDdUAp80Z1crSoS1lFqaFS');
INSERT INTO user (epn,password) VALUES (10002,'$2a$10$aBU24dLl04sALfmL8b/SA.kgicIHW4DGKsVKoj0ily9Gdit88995W');
INSERT INTO user (epn,password) VALUES (10003,'$2a$10$aBU24dLl04sALfmL8b/SA.kgicIHW4DGKsVKoj0ily9Gdit88995W');

INSERT INTO role (role_id,role_desc,role_name) VALUES (1,'Administrator','ADMIN_SITE');
INSERT INTO role (role_id,role_desc,role_name) VALUES (2,'Kontroler','USER_SITE');

INSERT INTO user_role (user_id,role_id) VALUES (10001,1);
INSERT INTO user_role (user_id,role_id) VALUES (10002,2);
INSERT INTO user_role (user_id,role_id) VALUES (10003,2);

INSERT INTO employee (epn,email, position_id, first_name, last_name, brn,user_epn) VALUES (11119,'jadwiga.bilecka@bank.pl',1,'Jadwiga','Bilecka',357,null);
INSERT INTO employee (epn,email, position_id, first_name, last_name, brn,user_epn) VALUES (17384,'rafal.bobek@bank.pl',1,'Rafał','Bobek',165,null);
INSERT INTO employee (epn,email, position_id, first_name, last_name, brn,user_epn) VALUES (17325,'robert.bobekowski@bank.pl',1,'Robert','Bobekowski',7,null);
INSERT INTO employee (epn,email, position_id, first_name, last_name, brn,user_epn) VALUES (15812,'rafal.bobikowski@bank.pl',1,'Rafał','Bobikowski',302,null);
INSERT INTO employee (epn,email, position_id, first_name, last_name, brn,user_epn) VALUES (11979,'rafal.brobek@bank.pl',1,'Rafał','Brobek',249,null);
INSERT INTO employee (epn,email, position_id, first_name, last_name, brn,user_epn) VALUES (18642,'wiktor.brudziak@bank.pl',1,'Wiktor','Brudziak',26,null);
INSERT INTO employee (epn,email, position_id, first_name, last_name, brn,user_epn) VALUES (15724,'boleslaw.brynski@bank.pl',1,'Bolesław','Bryński',306,null);
INSERT INTO employee (epn,email, position_id, first_name, last_name, brn,user_epn) VALUES (16770,'jadwiga.chrilecka@bank.pl',1,'Jadwiga','Chrilecka',85,null);
INSERT INTO employee (epn,email, position_id, first_name, last_name, brn,user_epn) VALUES (14710,'liliana.ciupala@bank.pl',1,'Liliana','Ciupała',354,null);
INSERT INTO employee (epn,email, position_id, first_name, last_name, brn,user_epn) VALUES (13774,'katarzyna.dawro@bank.pl',1,'Katarzyna','Dawro',392,null);
INSERT INTO employee (epn,email, position_id, first_name, last_name, brn,user_epn) VALUES (15485,'jadwiga.derilecka@bank.pl',1,'Jadwiga','Derilecka',290,null);
INSERT INTO employee (epn,email, position_id, first_name, last_name, brn,user_epn) VALUES (18300,'michal.dertucha@bank.pl',1,'Michał','Dertucha',310,null);
INSERT INTO employee (epn,email, position_id, first_name, last_name, brn,user_epn) VALUES (17157,'robert.dido@bank.pl',1,'Robert','Dido',328,null);
INSERT INTO employee (epn,email, position_id, first_name, last_name, brn,user_epn) VALUES (13131,'michal.dindo@bank.pl',1,'Michał','Dindo',186,null);
INSERT INTO employee (epn,email, position_id, first_name, last_name, brn,user_epn) VALUES (10724,'rafal.dobek@bank.pl',1,'Rafał','Dobek',282,null);
INSERT INTO employee (epn,email, position_id, first_name, last_name, brn,user_epn) VALUES (15098,'andrzej.drozda@bank.pl',1,'Andrzej','Drozda',169,null);
INSERT INTO employee (epn,email, position_id, first_name, last_name, brn,user_epn) VALUES (11466,'wiktor.dudziak@bank.pl',1,'Wiktor','Dudziak',285,null);
INSERT INTO employee (epn,email, position_id, first_name, last_name, brn,user_epn) VALUES (16014,'robert.dwernik@bank.pl',1,'Robert','Dwernik',180,null);
INSERT INTO employee (epn,email, position_id, first_name, last_name, brn,user_epn) VALUES (10830,'michal.fadecki@bank.pl',1,'Michał','Fądecki',283,null);
INSERT INTO employee (epn,email, position_id, first_name, last_name, brn,user_epn) VALUES (14803,'barbara.fibiana@bank.pl',1,'Barbara','Fibiana',361,null);
INSERT INTO employee (epn,email, position_id, first_name, last_name, brn,user_epn) VALUES (15394,'jadwiga.filbrecka@bank.pl',1,'Jadwiga','Filbrecka',276,null);
INSERT INTO employee (epn,email, position_id, first_name, last_name, brn,user_epn) VALUES (18856,'kalina.filecka@bank.pl',1,'Kalina','Filecka',376,null);
INSERT INTO employee (epn,email, position_id, first_name, last_name, brn,user_epn) VALUES (13047,'jolanta.filecka@bank.pl',1,'Jolanta','Filecka',304,null);
INSERT INTO employee (epn,email, position_id, first_name, last_name, brn,user_epn) VALUES (19449,'jadwiga.filoecka@bank.pl',1,'Jadwiga','Filoecka',173,null);
INSERT INTO employee (epn,email, position_id, first_name, last_name, brn,user_epn) VALUES (17668,'jadwiga.firlecka@bank.pl',1,'Jadwiga','Firlecka',240,null);
INSERT INTO employee (epn,email, position_id, first_name, last_name, brn,user_epn) VALUES (14805,'rafal.forbek@bank.pl',1,'Rafał','Forbek',232,null);
INSERT INTO employee (epn,email, position_id, first_name, last_name, brn,user_epn) VALUES (19241,'barbara.fornal@bank.pl',1,'Barbara','Fornal',289,null);
INSERT INTO employee (epn,email, position_id, first_name, last_name, brn,user_epn) VALUES (11592,'rafal.fraczynski@bank.pl',1,'Rafał','Fraczyński',303,null);
INSERT INTO employee (epn,email, position_id, first_name, last_name, brn,user_epn) VALUES (12975,'jadwiga.fulecka@bank.pl',1,'Jadwiga','Fulecka',260,null);
INSERT INTO employee (epn,email, position_id, first_name, last_name, brn,user_epn) VALUES (17300,'jadwiga.gilecka@bank.pl',1,'Jadwiga','Gilecka',244,null);
INSERT INTO employee (epn,email, position_id, first_name, last_name, brn,user_epn) VALUES (16260,'rafal.grater@bank.pl',1,'Rafał','Grater',235,null);
INSERT INTO employee (epn,email, position_id, first_name, last_name, brn,user_epn) VALUES (18127,'zbigniew.grawik@bank.pl',1,'Zbigniew','Grawik',265,null);
INSERT INTO employee (epn,email, position_id, first_name, last_name, brn,user_epn) VALUES (11116,'pelagia.greczyn@bank.pl',1,'Pelagia','Greczyn',375,null);
INSERT INTO employee (epn,email, position_id, first_name, last_name, brn,user_epn) VALUES (11869,'barbara.gruda@bank.pl',1,'Barbara','Gruda',393,null);
INSERT INTO employee (epn,email, position_id, first_name, last_name, brn,user_epn) VALUES (10147,'zbigniew.hrubek@bank.pl',1,'Zbigniew','Hrubek',208,null);
INSERT INTO employee (epn,email, position_id, first_name, last_name, brn,user_epn) VALUES (11729,'wiktor.hryczynski@bank.pl',1,'Wiktor','Hryczyński',269,null);
INSERT INTO employee (epn,email, position_id, first_name, last_name, brn,user_epn) VALUES (11297,'andrzej.jadziak@bank.pl',1,'Andrzej','Jadziak',222,null);
INSERT INTO employee (epn,email, position_id, first_name, last_name, brn,user_epn) VALUES (11063,'barbara.jagiel@bank.pl',1,'Barbara','Jagiel',243,null);
INSERT INTO employee (epn,email, position_id, first_name, last_name, brn,user_epn) VALUES (15531,'stefan.janicki@bank.pl',1,'Stefan','Janicki',198,null);
INSERT INTO employee (epn,email, position_id, first_name, last_name, brn,user_epn) VALUES (14697,'robert.jawlik@bank.pl',1,'Robert','Jawlik',117,null);
INSERT INTO employee (epn,email, position_id, first_name, last_name, brn,user_epn) VALUES (16388,'barbara.jelikowska@bank.pl',1,'Barbara','Jelikowska',277,null);
INSERT INTO employee (epn,email, position_id, first_name, last_name, brn,user_epn) VALUES (10890,'wiktor.jobda@bank.pl',1,'Wiktor','Jobda',13,null);
INSERT INTO employee (epn,email, position_id, first_name, last_name, brn,user_epn) VALUES (15794,'jadwiga.jolecka@bank.pl',1,'Jadwiga','Jolecka',156,null);
INSERT INTO employee (epn,email, position_id, first_name, last_name, brn,user_epn) VALUES (15026,'wiktor.karolik@bank.pl',1,'Wiktor','Karolik',107,null);
INSERT INTO employee (epn,email, position_id, first_name, last_name, brn,user_epn) VALUES (17386,'zbigniew.kakol@bank.pl',1,'Zbigniew','Kąkol',300,null);
INSERT INTO employee (epn,email, position_id, first_name, last_name, brn,user_epn) VALUES (11000,'barbara.kiszewska@bank.pl',1,'Barbara','Kiszewska',150,null);
INSERT INTO employee (epn,email, position_id, first_name, last_name, brn,user_epn) VALUES (13274,'rafal.kobek@bank.pl',1,'Rafał','Kobek',20,null);
INSERT INTO employee (epn,email, position_id, first_name, last_name, brn,user_epn) VALUES (13717,'tadeusz.komasa@bank.pl',1,'Tadeusz','Komasa',131,null);
INSERT INTO employee (epn,email, position_id, first_name, last_name, brn,user_epn) VALUES (13999,'michal.komor@bank.pl',1,'Michał','Komor',41,null);
INSERT INTO employee (epn,email, position_id, first_name, last_name, brn,user_epn) VALUES (17327,'tadeusz.komorak@bank.pl',1,'Tadeusz','Komorak',278,null);
INSERT INTO employee (epn,email, position_id, first_name, last_name, brn,user_epn) VALUES (19016,'tadeusz.komorna@bank.pl',1,'Tadeusz','Komorna',369,null);
INSERT INTO employee (epn,email, position_id, first_name, last_name, brn,user_epn) VALUES (16746,'michal.komornicki@bank.pl',1,'Michał','Komornicki',342,null);
INSERT INTO employee (epn,email, position_id, first_name, last_name, brn,user_epn) VALUES (19117,'tadeusz.komornikow@bank.pl',1,'Tadeusz','Komorników',113,null);
INSERT INTO employee (epn,email, position_id, first_name, last_name, brn,user_epn) VALUES (12289,'michal.komos@bank.pl',1,'Michał','Komos',262,null);
INSERT INTO employee (epn,email, position_id, first_name, last_name, brn,user_epn) VALUES (17636,'tadeusz.kowalski@bank.pl',1,'Tadeusz','Kowalski',315,null);
INSERT INTO employee (epn,email, position_id, first_name, last_name, brn,user_epn) VALUES (13540,'wiktor.krupicki@bank.pl',1,'Wiktor','Krupicki',377,null);
INSERT INTO employee (epn,email, position_id, first_name, last_name, brn,user_epn) VALUES (16654,'janusz.kurant@bank.pl',1,'Janusz','Kurant',194,null);
INSERT INTO employee (epn,email, position_id, first_name, last_name, brn,user_epn) VALUES (19792,'michal.kureka@bank.pl',1,'Michał','Kureka',95,null);
INSERT INTO employee (epn,email, position_id, first_name, last_name, brn,user_epn) VALUES (18437,'wiktor.labuda@bank.pl',1,'Wiktor','Labuda',126,null);
INSERT INTO employee (epn,email, position_id, first_name, last_name, brn,user_epn) VALUES (15270,'zbigniew.liczaba@bank.pl',1,'Zbigniew','Liczaba',219,null);
INSERT INTO employee (epn,email, position_id, first_name, last_name, brn,user_epn) VALUES (17509,'robert.liczak@bank.pl',1,'Robert','Liczak',51,null);
INSERT INTO employee (epn,email, position_id, first_name, last_name, brn,user_epn) VALUES (14360,'michal.likary@bank.pl',1,'Michał','Likary',199,null);
INSERT INTO employee (epn,email, position_id, first_name, last_name, brn,user_epn) VALUES (19488,'mateusz.likian@bank.pl',1,'Mateusz','Likian',142,null);
INSERT INTO employee (epn,email, position_id, first_name, last_name, brn,user_epn) VALUES (11136,'marek.linda@bank.pl',1,'Marek','Linda',28,null);
INSERT INTO employee (epn,email, position_id, first_name, last_name, brn,user_epn) VALUES (19985,'franciszek.lindarek@bank.pl',1,'Franciszek','Lindarek',58,null);
INSERT INTO employee (epn,email, position_id, first_name, last_name, brn,user_epn) VALUES (12222,'michal.lipecki@bank.pl',1,'Michał','Lipecki',88,null);
INSERT INTO employee (epn,email, position_id, first_name, last_name, brn,user_epn) VALUES (15378,'ewa.masztaler@bank.pl',1,'Ewa','Masztaler',274,null);
INSERT INTO employee (epn,email, position_id, first_name, last_name, brn,user_epn) VALUES (10457,'barbara.maczynska@bank.pl',1,'Barbara','Mączyńska',203,null);
INSERT INTO employee (epn,email, position_id, first_name, last_name, brn,user_epn) VALUES (14426,'zbigniew.makol@bank.pl',1,'Zbigniew','Mąkol',144,null);
INSERT INTO employee (epn,email, position_id, first_name, last_name, brn,user_epn) VALUES (19945,'jadwiga.milecka@bank.pl',1,'Jadwiga','Milecka',230,null);
INSERT INTO employee (epn,email, position_id, first_name, last_name, brn,user_epn) VALUES (16757,'robert.moczydlo@bank.pl',1,'Robert','Moczydło',75,null);
INSERT INTO employee (epn,email, position_id, first_name, last_name, brn,user_epn) VALUES (10559,'ewa.niemota@bank.pl',1,'Ewa','Niemota',100,null);
INSERT INTO employee (epn,email, position_id, first_name, last_name, brn,user_epn) VALUES (10611,'robert.palancik@bank.pl',1,'Robert','Palancik',229,null);
INSERT INTO employee (epn,email, position_id, first_name, last_name, brn,user_epn) VALUES (10550,'pawel.palek@bank.pl',1,'Paweł','Palek',181,null);
INSERT INTO employee (epn,email, position_id, first_name, last_name, brn,user_epn) VALUES (15865,'krystyna.pilecki@bank.pl',1,'Krystyna','Pilecki',162,null);
INSERT INTO employee (epn,email, position_id, first_name, last_name, brn,user_epn) VALUES (10775,'krystyna.policka@bank.pl',1,'Krystyna','Policka',331,null);
INSERT INTO employee (epn,email, position_id, first_name, last_name, brn,user_epn) VALUES (17637,'krzysztof.policki@bank.pl',1,'Krzysztof','Policki',216,null);
INSERT INTO employee (epn,email, position_id, first_name, last_name, brn,user_epn) VALUES (11350,'elwira.policzawska@bank.pl',1,'Elwira','Policzawska',83,null);
INSERT INTO employee (epn,email, position_id, first_name, last_name, brn,user_epn) VALUES (11366,'krystyna.polkowiak@bank.pl',1,'Krystyna','Polkowiak',185,null);
INSERT INTO employee (epn,email, position_id, first_name, last_name, brn,user_epn) VALUES (11566,'wiktor.proszak@bank.pl',1,'Wiktor','Prószak',339,null);
INSERT INTO employee (epn,email, position_id, first_name, last_name, brn,user_epn) VALUES (16242,'andrzej.robek@bank.pl',1,'Andrzej','Robek',389,null);
INSERT INTO employee (epn,email, position_id, first_name, last_name, brn,user_epn) VALUES (13319,'zbigniew.rudak@bank.pl',1,'Zbigniew','Rudak',87,null);
INSERT INTO employee (epn,email, position_id, first_name, last_name, brn,user_epn) VALUES (17852,'marek.sawek@bank.pl',1,'Marek','Sawek',209,null);
INSERT INTO employee (epn,email, position_id, first_name, last_name, brn,user_epn) VALUES (18376,'robert.sulik@bank.pl',1,'Robert','Sulik',294,null);
INSERT INTO employee (epn,email, position_id, first_name, last_name, brn,user_epn) VALUES (10092,'zbigniew.sulik@bank.pl',1,'Zbigniew','Sulik',29,null);
INSERT INTO employee (epn,email, position_id, first_name, last_name, brn,user_epn) VALUES (15017,'robert.sulikowski@bank.pl',1,'Robert','Sulikowski',275,null);
INSERT INTO employee (epn,email, position_id, first_name, last_name, brn,user_epn) VALUES (17156,'robert.surma@bank.pl',1,'Robert','Surma',112,null);
INSERT INTO employee (epn,email, position_id, first_name, last_name, brn,user_epn) VALUES (12201,'robert.surmak@bank.pl',1,'Robert','Surmak',321,null);
INSERT INTO employee (epn,email, position_id, first_name, last_name, brn,user_epn) VALUES (10913,'wiktor.suwald@bank.pl',1,'Wiktor','Suwald',43,null);
INSERT INTO employee (epn,email, position_id, first_name, last_name, brn,user_epn) VALUES (11069,'michal.szerka@bank.pl',1,'Michał','Szerka',270,null);
INSERT INTO employee (epn,email, position_id, first_name, last_name, brn,user_epn) VALUES (13364,'tadeusz.tomora@bank.pl',1,'Tadeusz','Tomora',96,null);
INSERT INTO employee (epn,email, position_id, first_name, last_name, brn,user_epn) VALUES (10073,'zbigniew.twardzioch@bank.pl',1,'Zbigniew','Twardzioch',42,null);
INSERT INTO employee (epn,email, position_id, first_name, last_name, brn,user_epn) VALUES (13676,'andrzej.twarnowski@bank.pl',1,'Andrzej','Twarnowski',223,null);
INSERT INTO employee (epn,email, position_id, first_name, last_name, brn,user_epn) VALUES (13839,'tadeusz.twomicki@bank.pl',1,'Tadeusz','Twomicki',76,null);
INSERT INTO employee (epn,email, position_id, first_name, last_name, brn,user_epn) VALUES (18025,'michal.wertyk@bank.pl',1,'Michał','Wertyk',330,null);
INSERT INTO employee (epn,email, position_id, first_name, last_name, brn,user_epn) VALUES (18031,'rafal.wobek@bank.pl',1,'Rafał','Wobek',148,null);
INSERT INTO employee (epn,email, position_id, first_name, last_name, brn,user_epn) VALUES (19777,'tadeusz.womor@bank.pl',1,'Tadeusz','Womor',215,null);
INSERT INTO employee (epn,email, position_id, first_name, last_name, brn,user_epn) VALUES (17495,'robert.wyszon@bank.pl',1,'Robert','Wyszon',182,null);
INSERT INTO employee (epn,email, position_id, first_name, last_name, brn,user_epn) VALUES (13874,'robert.zamek@bank.pl',1,'Robert','Zamek',359,null);
INSERT INTO employee (epn,email, position_id, first_name, last_name, brn,user_epn) VALUES (10140,'wiktor.zamlcki@bank.pl',1,'Wiktor','Zamłcki',82,null);
INSERT INTO employee (epn,email, position_id, first_name, last_name, brn,user_epn) VALUES (16927,'tadeusz.zomornik@bank.pl',1,'Tadeusz','Zomornik',110,null);
INSERT INTO employee (epn,email, position_id, first_name, last_name, brn,user_epn) VALUES (12174,'edward.zeligowski@bank.pl',1,'Edward','Żeligowski',60,null);
INSERT INTO employee (epn,email, position_id, first_name, last_name, brn,user_epn) VALUES (16532,'zbigniew.zeligowski@bank.pl',1,'Zbigniew','Żeligowski',78,null);
INSERT INTO employee (epn,email, position_id, first_name, last_name, brn,user_epn) VALUES (13993,'ada.nowak@bank.pl',1,'Ada','Nowak',140,null);
INSERT INTO employee (epn,email, position_id, first_name, last_name, brn,user_epn) VALUES (18567,'adalbert.kowalski@bank.pl',1,'Adalbert','Kowalski',258,null);
INSERT INTO employee (epn,email, position_id, first_name, last_name, brn,user_epn) VALUES (12616,'adam.wisniewski@bank.pl',1,'Adam','Wiśniewski',212,null);
INSERT INTO employee (epn,email, position_id, first_name, last_name, brn,user_epn) VALUES (10615,'adela.dabrowski@bank.pl',1,'Adela','Dąbrowski',238,null);
INSERT INTO employee (epn,email, position_id, first_name, last_name, brn,user_epn) VALUES (12883,'adelajda.lewandowski@bank.pl',2,'Adelajda','Lewandowski',357,null);
INSERT INTO employee (epn,email, position_id, first_name, last_name, brn,user_epn) VALUES (11209,'adrian.wojcik@bank.pl',2,'Adrian','Wójcik',165,null);
INSERT INTO employee (epn,email, position_id, first_name, last_name, brn,user_epn) VALUES (16748,'aga.kaminski@bank.pl',2,'Aga','Kamiński',7,null);
INSERT INTO employee (epn,email, position_id, first_name, last_name, brn,user_epn) VALUES (12327,'agata.kowalczyk@bank.pl',2,'Agata','Kowalczyk',302,null);
INSERT INTO employee (epn,email, position_id, first_name, last_name, brn,user_epn) VALUES (14091,'agnieszka.zielinski@bank.pl',2,'Agnieszka','Zieliński',249,null);
INSERT INTO employee (epn,email, position_id, first_name, last_name, brn,user_epn) VALUES (13985,'albert.szymanski@bank.pl',2,'Albert','Szymański',26,null);
INSERT INTO employee (epn,email, position_id, first_name, last_name, brn,user_epn) VALUES (15834,'alberta.woźniak@bank.pl',2,'Alberta','Woźniak',306,null);
INSERT INTO employee (epn,email, position_id, first_name, last_name, brn,user_epn) VALUES (16900,'aldona.kozlowski@bank.pl',2,'Aldona','Kozłowski',85,null);
INSERT INTO employee (epn,email, position_id, first_name, last_name, brn,user_epn) VALUES (13544,'aleksander.jankowski@bank.pl',2,'Aleksander','Jankowski',354,null);
INSERT INTO employee (epn,email, position_id, first_name, last_name, brn,user_epn) VALUES (13534,'aleksandra.wojciechowski@bank.pl',2,'Aleksandra','Wojciechowski',392,null);
INSERT INTO employee (epn,email, position_id, first_name, last_name, brn,user_epn) VALUES (11611,'alfred.kwiatkowski@bank.pl',2,'Alfred','Kwiatkowski',290,null);
INSERT INTO employee (epn,email, position_id, first_name, last_name, brn,user_epn) VALUES (19512,'alicja.kaczmarek@bank.pl',2,'Alicja','Kaczmarek',310,null);
INSERT INTO employee (epn,email, position_id, first_name, last_name, brn,user_epn) VALUES (13471,'alina.mazur@bank.pl',2,'Alina','Mazur',328,null);
INSERT INTO employee (epn,email, position_id, first_name, last_name, brn,user_epn) VALUES (10717,'amadeusz.krawczyk@bank.pl',2,'Amadeusz','Krawczyk',186,null);
INSERT INTO employee (epn,email, position_id, first_name, last_name, brn,user_epn) VALUES (19159,'ambrozy.piotrowski@bank.pl',2,'Ambroży','Piotrowski',282,null);
INSERT INTO employee (epn,email, position_id, first_name, last_name, brn,user_epn) VALUES (13331,'amelia.grabowski@bank.pl',2,'Amelia','Grabowski',169,null);
INSERT INTO employee (epn,email, position_id, first_name, last_name, brn,user_epn) VALUES (16498,'anastazja.nowakowski@bank.pl',2,'Anastazja','Nowakowski',285,null);
INSERT INTO employee (epn,email, position_id, first_name, last_name, brn,user_epn) VALUES (12126,'anastazy.pawlowski@bank.pl',2,'Anastazy','Pawłowski',180,null);
INSERT INTO employee (epn,email, position_id, first_name, last_name, brn,user_epn) VALUES (17802,'anatol.michalski@bank.pl',2,'Anatol','Michalski',283,null);
INSERT INTO employee (epn,email, position_id, first_name, last_name, brn,user_epn) VALUES (19523,'andrzej.nowicki@bank.pl',2,'Andrzej','Nowicki',361,null);
INSERT INTO employee (epn,email, position_id, first_name, last_name, brn,user_epn) VALUES (12556,'aneta.adamczyk@bank.pl',2,'Aneta','Adamczyk',276,null);
INSERT INTO employee (epn,email, position_id, first_name, last_name, brn,user_epn) VALUES (17581,'angelika.dudek@bank.pl',2,'Angelika','Dudek',376,null);
INSERT INTO employee (epn,email, position_id, first_name, last_name, brn,user_epn) VALUES (19137,'angelina.zajac@bank.pl',2,'Angelina','Zając',304,null);
INSERT INTO employee (epn,email, position_id, first_name, last_name, brn,user_epn) VALUES (10043,'aniela.wieczorek@bank.pl',2,'Aniela','Wieczorek',173,null);
INSERT INTO employee (epn,email, position_id, first_name, last_name, brn,user_epn) VALUES (14184,'anita.jablonski@bank.pl',2,'Anita','Jabłoński',240,null);
INSERT INTO employee (epn,email, position_id, first_name, last_name, brn,user_epn) VALUES (13721,'anna.krol@bank.pl',2,'Anna','Król',232,null);
INSERT INTO employee (epn,email, position_id, first_name, last_name, brn,user_epn) VALUES (10145,'antoni.majewski@bank.pl',2,'Antoni','Majewski',289,null);
INSERT INTO employee (epn,email, position_id, first_name, last_name, brn,user_epn) VALUES (13102,'antonina.olszewski@bank.pl',2,'Antonina','Olszewski',303,null);
INSERT INTO employee (epn,email, position_id, first_name, last_name, brn,user_epn) VALUES (11118,'anzelm.jaworski@bank.pl',2,'Anzelm','Jaworski',260,null);
INSERT INTO employee (epn,email, position_id, first_name, last_name, brn,user_epn) VALUES (14842,'apolinary.wrobel@bank.pl',2,'Apolinary','Wróbel',244,null);
INSERT INTO employee (epn,email, position_id, first_name, last_name, brn,user_epn) VALUES (12042,'apollo.malinowski@bank.pl',2,'Apollo','Malinowski',235,null);
INSERT INTO employee (epn,email, position_id, first_name, last_name, brn,user_epn) VALUES (13412,'apolonia.pawlak@bank.pl',2,'Apolonia','Pawlak',265,null);
INSERT INTO employee (epn,email, position_id, first_name, last_name, brn,user_epn) VALUES (12159,'apoloniusz.witkowski@bank.pl',2,'Apoloniusz','Witkowski',375,null);
INSERT INTO employee (epn,email, position_id, first_name, last_name, brn,user_epn) VALUES (16179,'arkadiusz.stepien@bank.pl',2,'Arkadiusz','Stępień',393,null);
INSERT INTO employee (epn,email, position_id, first_name, last_name, brn,user_epn) VALUES (14520,'gorski.arkady@bank.pl',2,'Górski','Arkady',208,null);
INSERT INTO employee (epn,email, position_id, first_name, last_name, brn,user_epn) VALUES (15040,'arlena.rutkowski@bank.pl',2,'Arlena','Rutkowski',269,null);
INSERT INTO employee (epn,email, position_id, first_name, last_name, brn,user_epn) VALUES (12093,'arleta.michalak@bank.pl',2,'Arleta','Michalak',222,null);
INSERT INTO employee (epn,email, position_id, first_name, last_name, brn,user_epn) VALUES (19634,'arletta.sikora@bank.pl',2,'Arletta','Sikora',243,null);
INSERT INTO employee (epn,email, position_id, first_name, last_name, brn,user_epn) VALUES (14801,'arnold.ostrowski@bank.pl',2,'Arnold','Ostrowski',198,null);
INSERT INTO employee (epn,email, position_id, first_name, last_name, brn,user_epn) VALUES (12409,'arnolf.baran@bank.pl',2,'Arnolf','Baran',117,null);
INSERT INTO employee (epn,email, position_id, first_name, last_name, brn,user_epn) VALUES (15893,'august.duda@bank.pl',2,'August','Duda',277,null);
INSERT INTO employee (epn,email, position_id, first_name, last_name, brn,user_epn) VALUES (17273,'augustyna.szewczyk@bank.pl',2,'Augustyna','Szewczyk',13,null);
INSERT INTO employee (epn,email, position_id, first_name, last_name, brn,user_epn) VALUES (14290,'aurela.tomaszewski@bank.pl',2,'Aurela','Tomaszewski',156,null);
INSERT INTO employee (epn,email, position_id, first_name, last_name, brn,user_epn) VALUES (19744,'aurelia.pietrzak@bank.pl',2,'Aurelia','Pietrzak',107,null);
INSERT INTO employee (epn,email, position_id, first_name, last_name, brn,user_epn) VALUES (10123,'aureliusz.wroblewski@bank.pl',2,'Aureliusz','Wróblewski',300,null);
INSERT INTO employee (epn,email, position_id, first_name, last_name, brn,user_epn) VALUES (11286,'balbina.zalewski@bank.pl',2,'Balbina','Zalewski',150,null);
INSERT INTO employee (epn,email, position_id, first_name, last_name, brn,user_epn) VALUES (18857,'baltazar.jakubowski@bank.pl',2,'Baltazar','Jakubowski',20,null);
INSERT INTO employee (epn,email, position_id, first_name, last_name, brn,user_epn) VALUES (14794,'barbara.jasinski@bank.pl',2,'Barbara','Jasiński',131,null);
INSERT INTO employee (epn,email, position_id, first_name, last_name, brn,user_epn) VALUES (19417,'bartlomiej.zawadzki@bank.pl',2,'Bartłomiej','Zawadzki',41,null);
INSERT INTO employee (epn,email, position_id, first_name, last_name, brn,user_epn) VALUES (11438,'bartosz.sadowski@bank.pl',2,'Bartosz','Sadowski',278,null);
INSERT INTO employee (epn,email, position_id, first_name, last_name, brn,user_epn) VALUES (19270,'bazyli.bak@bank.pl',2,'Bazyli','Bąk',369,null);
INSERT INTO employee (epn,email, position_id, first_name, last_name, brn,user_epn) VALUES (15823,'beata.chmielewski@bank.pl',2,'Beata','Chmielewski',342,null);
INSERT INTO employee (epn,email, position_id, first_name, last_name, brn,user_epn) VALUES (19324,'benedykt.wlodarczyk@bank.pl',2,'Benedykt','Włodarczyk',113,null);
INSERT INTO employee (epn,email, position_id, first_name, last_name, brn,user_epn) VALUES (15602,'benedykta.borkowski@bank.pl',2,'Benedykta','Borkowski',262,null);
INSERT INTO employee (epn,email, position_id, first_name, last_name, brn,user_epn) VALUES (13562,'beniamin.czarnecki@bank.pl',2,'Beniamin','Czarnecki',315,null);
INSERT INTO employee (epn,email, position_id, first_name, last_name, brn,user_epn) VALUES (14037,'bernadeta.sawicki@bank.pl',2,'Bernadeta','Sawicki',377,null);
INSERT INTO employee (epn,email, position_id, first_name, last_name, brn,user_epn) VALUES (16813,'bernard.sokolowski@bank.pl',2,'Bernard','Sokołowski',194,null);
INSERT INTO employee (epn,email, position_id, first_name, last_name, brn,user_epn) VALUES (11690,'bernardeta.urbanski@bank.pl',2,'Bernardeta','Urbański',95,null);
INSERT INTO employee (epn,email, position_id, first_name, last_name, brn,user_epn) VALUES (17541,'bernardyn.kubiak@bank.pl',2,'Bernardyn','Kubiak',126,null);
INSERT INTO employee (epn,email, position_id, first_name, last_name, brn,user_epn) VALUES (17754,'bernardyna.maciejewski@bank.pl',2,'Bernardyna','Maciejewski',219,null);
INSERT INTO employee (epn,email, position_id, first_name, last_name, brn,user_epn) VALUES (18655,'blazej.szczepanski@bank.pl',2,'Błażej','Szczepański',51,null);
INSERT INTO employee (epn,email, position_id, first_name, last_name, brn,user_epn) VALUES (10338,'bogdan.kucharski@bank.pl',2,'Bogdan','Kucharski',199,null);
INSERT INTO employee (epn,email, position_id, first_name, last_name, brn,user_epn) VALUES (13366,'bogdana.wilk@bank.pl',2,'Bogdana','Wilk',142,null);
INSERT INTO employee (epn,email, position_id, first_name, last_name, brn,user_epn) VALUES (15979,'bogna.kalinowski@bank.pl',2,'Bogna','Kalinowski',28,null);
INSERT INTO employee (epn,email, position_id, first_name, last_name, brn,user_epn) VALUES (15672,'bogumila.mazurek@bank.pl',2,'Bogumiła','Mazurek',58,null);
INSERT INTO employee (epn,email, position_id, first_name, last_name, brn,user_epn) VALUES (15458,'boguslaw.wysocki@bank.pl',2,'Bogusław','Wysocki',88,null);
INSERT INTO employee (epn,email, position_id, first_name, last_name, brn,user_epn) VALUES (11624,'boguslawa.adamski@bank.pl',2,'Bogusława','Adamski',274,null);
INSERT INTO employee (epn,email, position_id, first_name, last_name, brn,user_epn) VALUES (15813,'bohdan.kaźmierczak@bank.pl',2,'Bohdan','Kaźmierczak',203,null);
INSERT INTO employee (epn,email, position_id, first_name, last_name, brn,user_epn) VALUES (16180,'boleslaw.wasilewski@bank.pl',2,'Bolesław','Wasilewski',144,null);
INSERT INTO employee (epn,email, position_id, first_name, last_name, brn,user_epn) VALUES (17766,'bonawentura.sobczak@bank.pl',2,'Bonawentura','Sobczak',230,null);
INSERT INTO employee (epn,email, position_id, first_name, last_name, brn,user_epn) VALUES (11587,'bozena.czerwinski@bank.pl',2,'Bożena','Czerwiński',75,null);
INSERT INTO employee (epn,email, position_id, first_name, last_name, brn,user_epn) VALUES (16712,'bronislaw.andrzejewski@bank.pl',2,'Bronisław','Andrzejewski',100,null);
INSERT INTO employee (epn,email, position_id, first_name, last_name, brn,user_epn) VALUES (11026,'broniszlaw.cieslak@bank.pl',2,'Broniszław','Cieślak',229,null);
INSERT INTO employee (epn,email, position_id, first_name, last_name, brn,user_epn) VALUES (14322,'bronislawa.glowacki@bank.pl',2,'Bronisława','Głowacki',181,null);
INSERT INTO employee (epn,email, position_id, first_name, last_name, brn,user_epn) VALUES (19502,'brunon.zakrzewski@bank.pl',2,'Brunon','Zakrzewski',162,null);
INSERT INTO employee (epn,email, position_id, first_name, last_name, brn,user_epn) VALUES (11319,'brygida.kolodziej@bank.pl',2,'Brygida','Kołodziej',331,null);
INSERT INTO employee (epn,email, position_id, first_name, last_name, brn,user_epn) VALUES (14479,'cecyl.sikorski@bank.pl',2,'Cecyl','Sikorski',216,null);
INSERT INTO employee (epn,email, position_id, first_name, last_name, brn,user_epn) VALUES (14246,'cecylia.krajewski@bank.pl',2,'Cecylia','Krajewski',83,null);
INSERT INTO employee (epn,email, position_id, first_name, last_name, brn,user_epn) VALUES (17488,'celestyna.szymczak@bank.pl',2,'Celestyna','Szymczak',185,null);
INSERT INTO employee (epn,email, position_id, first_name, last_name, brn,user_epn) VALUES (16447,'celina.szulc@bank.pl',2,'Celina','Szulc',339,null);
INSERT INTO employee (epn,email, position_id, first_name, last_name, brn,user_epn) VALUES (10932,'cezary.baranowski@bank.pl',2,'Cezary','Baranowski',389,null);
INSERT INTO employee (epn,email, position_id, first_name, last_name, brn,user_epn) VALUES (10660,'cyprian.laskowski@bank.pl',2,'Cyprian','Laskowski',87,null);
INSERT INTO employee (epn,email, position_id, first_name, last_name, brn,user_epn) VALUES (11432,'dalia.makowski@bank.pl',2,'Dalia','Makowski',209,null);
INSERT INTO employee (epn,email, position_id, first_name, last_name, brn,user_epn) VALUES (17653,'damian.ziolkowski@bank.pl',2,'Damian','Ziółkowski',294,null);
INSERT INTO employee (epn,email, position_id, first_name, last_name, brn,user_epn) VALUES (11981,'daniel.przybylski@bank.pl',2,'Daniel','Przybylski',29,null);
INSERT INTO employee (epn,email, position_id, first_name, last_name, brn,user_epn) VALUES (12193,'danuta.baczynska@bank.pl',2,'Danuta','Baczynska',275,null);
INSERT INTO employee (epn,email, position_id, first_name, last_name, brn,user_epn) VALUES (11707,'maria.berdysowa@bank.pl',2,'Maria','Berdysowa',112,null);
INSERT INTO employee (epn,email, position_id, first_name, last_name, brn,user_epn) VALUES (19248,'ewa.byczkowska@bank.pl',2,'Ewa','Byczkowska',321,null);
INSERT INTO employee (epn,email, position_id, first_name, last_name, brn,user_epn) VALUES (14986,'aneta.cygan@bank.pl',2,'Aneta','Cygan',43,null);
INSERT INTO employee (epn,email, position_id, first_name, last_name, brn,user_epn) VALUES (11484,'henryka.cygan@bank.pl',2,'Henryka','Cygan',270,null);
INSERT INTO employee (epn,email, position_id, first_name, last_name, brn,user_epn) VALUES (18982,'aneta.czarnoleska@bank.pl',2,'Aneta','Czarnoleska',96,null);
INSERT INTO employee (epn,email, position_id, first_name, last_name, brn,user_epn) VALUES (10242,'anna.frukacz@bank.pl',2,'Anna','Frukacz',42,null);
INSERT INTO employee (epn,email, position_id, first_name, last_name, brn,user_epn) VALUES (10196,'ewa.gnutek@bank.pl',2,'Ewa','Gnutek',223,null);
INSERT INTO employee (epn,email, position_id, first_name, last_name, brn,user_epn) VALUES (10760,'maciej.jeziak@bank.pl',2,'Maciej','Jeziak',76,null);
INSERT INTO employee (epn,email, position_id, first_name, last_name, brn,user_epn) VALUES (10950,'magdalena.kamil@bank.pl',2,'Magdalena','Kamil',330,null);
INSERT INTO employee (epn,email, position_id, first_name, last_name, brn,user_epn) VALUES (12334,'bartosz.kasperczyk@bank.pl',2,'Bartosz','Kasperczyk',148,null);
INSERT INTO employee (epn,email, position_id, first_name, last_name, brn,user_epn) VALUES (15719,'barbara.kedzierska@bank.pl',2,'Barbara','Kedzierska',215,null);
INSERT INTO employee (epn,email, position_id, first_name, last_name, brn,user_epn) VALUES (15945,'beata.konieczna@bank.pl',2,'Beata','Konieczna',182,null);
INSERT INTO employee (epn,email, position_id, first_name, last_name, brn,user_epn) VALUES (11449,'adam.kowalski@bank.pl',2,'Adam','Kowalski',359,null);
INSERT INTO employee (epn,email, position_id, first_name, last_name, brn,user_epn) VALUES (17634,'ewa.luft@bank.pl',2,'Ewa','Luft',82,null);
INSERT INTO employee (epn,email, position_id, first_name, last_name, brn,user_epn) VALUES (14455,'krystyna.majewska@bank.pl',2,'Krystyna','Majewska',110,null);
INSERT INTO employee (epn,email, position_id, first_name, last_name, brn,user_epn) VALUES (12989,'karolina.paciepnik@bank.pl',2,'Karolina','Paciepnik',60,null);
INSERT INTO employee (epn,email, position_id, first_name, last_name, brn,user_epn) VALUES (18260,'krystyna.patryarcha@bank.pl',2,'Krystyna','Patryarcha',78,null);
INSERT INTO employee (epn,email, position_id, first_name, last_name, brn,user_epn) VALUES (13960,'zbigniewa.prusko@bank.pl',2,'Zbigniewa','Prusko',140,null);
INSERT INTO employee (epn,email, position_id, first_name, last_name, brn,user_epn) VALUES (11513,'dorota.pustul@bank.pl',2,'Dorota','Pustul',258,null);
INSERT INTO employee (epn,email, position_id, first_name, last_name, brn,user_epn) VALUES (15489,'monika.radzikowska@bank.pl',2,'Monika','Radzikowska',212,null);
INSERT INTO employee (epn,email, position_id, first_name, last_name, brn,user_epn) VALUES (10668,'magdalena.romianowska@bank.pl',2,'Magdalena','Romianowska',238,null);
INSERT INTO employee (epn,email, position_id, first_name, last_name, brn,user_epn) VALUES (10298,'katarzyna.sielecka@bank.pl',2,'Katarzyna','Sielecka',357,null);
INSERT INTO employee (epn,email, position_id, first_name, last_name, brn,user_epn) VALUES (11637,'genowefa.sobczyk@bank.pl',2,'Genowefa','Sobczyk',165,null);
INSERT INTO employee (epn,email, position_id, first_name, last_name, brn,user_epn) VALUES (12560,'maria.spracel@bank.pl',2,'Maria','Spracel',7,null);
INSERT INTO employee (epn,email, position_id, first_name, last_name, brn,user_epn) VALUES (17235,'magda.szymocha@bank.pl',2,'Magda','Szymocha',302,null);
INSERT INTO employee (epn,email, position_id, first_name, last_name, brn,user_epn) VALUES (18715,'olga.turlejska@bank.pl',2,'Olga','Turlejska',249,null);
INSERT INTO employee (epn,email, position_id, first_name, last_name, brn,user_epn) VALUES (12963,'joanna.wojtak@bank.pl',2,'Joanna','Wojtak',26,null);
INSERT INTO employee (epn,email, position_id, first_name, last_name, brn,user_epn) VALUES (14152,'adam.woldanski@bank.pl',2,'Adam','Woldanski',306,null);
INSERT INTO employee (epn,email, position_id, first_name, last_name, brn,user_epn) VALUES (17698,'irena.bednarczyk@bank.pl',2,'Irena','Bednarczyk',85,null);
INSERT INTO employee (epn,email, position_id, first_name, last_name, brn,user_epn) VALUES (11284,'barbara.bednarska@bank.pl',2,'Barbara','Bednarska',354,null);
INSERT INTO employee (epn,email, position_id, first_name, last_name, brn,user_epn) VALUES (17951,'iwona.bialek@bank.pl',2,'Iwona','Bialek',392,null);
INSERT INTO employee (epn,email, position_id, first_name, last_name, brn,user_epn) VALUES (13005,'beata.biczyska@bank.pl',2,'Beata','Biczyska',290,null);
INSERT INTO employee (epn,email, position_id, first_name, last_name, brn,user_epn) VALUES (11741,'grazyna.dawidson@bank.pl',2,'Grazyna','Dawidson',310,null);
INSERT INTO employee (epn,email, position_id, first_name, last_name, brn,user_epn) VALUES (14223,'arkadiusz.dobosz@bank.pl',2,'Arkadiusz','Dobosz',328,null);
INSERT INTO employee (epn,email, position_id, first_name, last_name, brn,user_epn) VALUES (11443,'grzegorz.dudek@bank.pl',2,'Grzegorz','Dudek',186,null);
INSERT INTO employee (epn,email, position_id, first_name, last_name, brn,user_epn) VALUES (19806,'anna.falana@bank.pl',2,'Anna','Falana',282,null);
INSERT INTO employee (epn,email, position_id, first_name, last_name, brn,user_epn) VALUES (13805,'hanna.kaleta@bank.pl',2,'Hanna','Kaleta',169,null);
INSERT INTO employee (epn,email, position_id, first_name, last_name, brn,user_epn) VALUES (14132,'ewa.koscielniak@bank.pl',2,'Ewa','Koscielniak',285,null);
INSERT INTO employee (epn,email, position_id, first_name, last_name, brn,user_epn) VALUES (14528,'iwona.lapaj@bank.pl',2,'Iwona','lapaj',180,null);
INSERT INTO employee (epn,email, position_id, first_name, last_name, brn,user_epn) VALUES (14645,'zbigniewa.malecka@bank.pl',2,'Zbigniewa','Malecka',283,null);
INSERT INTO employee (epn,email, position_id, first_name, last_name, brn,user_epn) VALUES (19969,'ilona.messyasz@bank.pl',2,'Ilona','Messyasz',361,null);
INSERT INTO employee (epn,email, position_id, first_name, last_name, brn,user_epn) VALUES (17483,'agnieszka.miekina@bank.pl',2,'Agnieszka','Miekina',276,null);
INSERT INTO employee (epn,email, position_id, first_name, last_name, brn,user_epn) VALUES (11376,'jan.nowakowski@bank.pl',2,'Jan','Nowakowski',376,null);
INSERT INTO employee (epn,email, position_id, first_name, last_name, brn,user_epn) VALUES (17887,'magdalena.pluta@bank.pl',2,'Magdalena','Pluta',304,null);
INSERT INTO employee (epn,email, position_id, first_name, last_name, brn,user_epn) VALUES (18497,'barbara.plusa@bank.pl',2,'Barbara','Plusa',173,null);
INSERT INTO employee (epn,email, position_id, first_name, last_name, brn,user_epn) VALUES (11774,'ewelina.rykala@bank.pl',2,'Ewelina','Rykala',240,null);
INSERT INTO employee (epn,email, position_id, first_name, last_name, brn,user_epn) VALUES (19383,'magdalena.rys@bank.pl',2,'Magdalena','Rys',232,null);
INSERT INTO employee (epn,email, position_id, first_name, last_name, brn,user_epn) VALUES (15466,'zofia.sikora@bank.pl',2,'Zofia','Sikora',289,null);
INSERT INTO employee (epn,email, position_id, first_name, last_name, brn,user_epn) VALUES (12928,'beata.stan@bank.pl',2,'Beata','Stan',303,null);
INSERT INTO employee (epn,email, position_id, first_name, last_name, brn,user_epn) VALUES (14321,'zofia.staniec@bank.pl',2,'Zofia','Staniec',260,null);
INSERT INTO employee (epn,email, position_id, first_name, last_name, brn,user_epn) VALUES (10105,'anna.stefanska@bank.pl',2,'Anna','Stefanska',244,null);
INSERT INTO employee (epn,email, position_id, first_name, last_name, brn,user_epn) VALUES (14179,'magdalena.wawrzyn@bank.pl',2,'Magdalena','Wawrzyn',235,null);
INSERT INTO employee (epn,email, position_id, first_name, last_name, brn,user_epn) VALUES (10068,'joanna.wasowicz@bank.pl',2,'Joanna','Wasowicz',265,null);
INSERT INTO employee (epn,email, position_id, first_name, last_name, brn,user_epn) VALUES (14472,'celina.wisniewska@bank.pl',2,'Celina','Wisniewska',375,null);
INSERT INTO employee (epn,email, position_id, first_name, last_name, brn,user_epn) VALUES (14354,'jolanta.zarebska@bank.pl',2,'Jolanta','Zarebska',393,null);
INSERT INTO employee (epn,email, position_id, first_name, last_name, brn,user_epn) VALUES (12643,'katarzyna.bartecka@bank.pl',2,'Katarzyna','Bartecka',208,null);
INSERT INTO employee (epn,email, position_id, first_name, last_name, brn,user_epn) VALUES (13080,'ewa.biel@bank.pl',2,'Ewa','Biel',269,null);
INSERT INTO employee (epn,email, position_id, first_name, last_name, brn,user_epn) VALUES (16588,'jan.bieniek@bank.pl',2,'Jan','Bieniek',222,null);
INSERT INTO employee (epn,email, position_id, first_name, last_name, brn,user_epn) VALUES (19247,'ewa.chiluta@bank.pl',2,'Ewa','Chiluta',243,null);
INSERT INTO employee (epn,email, position_id, first_name, last_name, brn,user_epn) VALUES (19977,'olga.gonerska@bank.pl',2,'Olga','Gonerska',198,null);
INSERT INTO employee (epn,email, position_id, first_name, last_name, brn,user_epn) VALUES (12545,'bozenna.jackowska@bank.pl',2,'Bozenna','Jackowska',117,null);
INSERT INTO employee (epn,email, position_id, first_name, last_name, brn,user_epn) VALUES (18769,'kabala.malenta@bank.pl',2,'Kabala','Malenta',277,null);
INSERT INTO employee (epn,email, position_id, first_name, last_name, brn,user_epn) VALUES (14994,'magdalena.klekowska@bank.pl',2,'Magdalena','Klekowska',13,null);
INSERT INTO employee (epn,email, position_id, first_name, last_name, brn,user_epn) VALUES (10658,'irena.klubicka@bank.pl',2,'Irena','Klubicka',156,null);
INSERT INTO employee (epn,email, position_id, first_name, last_name, brn,user_epn) VALUES (14744,'jozefa.kosno@bank.pl',2,'Jozefa','Kosno',107,null);
INSERT INTO employee (epn,email, position_id, first_name, last_name, brn,user_epn) VALUES (13272,'iwona.kromolowska@bank.pl',2,'Iwona','Kromolowska',300,null);
INSERT INTO employee (epn,email, position_id, first_name, last_name, brn,user_epn) VALUES (11218,'mariola.kucharska@bank.pl',2,'Mariola','Kucharska',150,null);
INSERT INTO employee (epn,email, position_id, first_name, last_name, brn,user_epn) VALUES (15390,'alicja.kwiecinska@bank.pl',2,'Alicja','Kwiecinska',20,null);
INSERT INTO employee (epn,email, position_id, first_name, last_name, brn,user_epn) VALUES (19127,'ewa.matuszewska@bank.pl',2,'Ewa','Matuszewska',131,null);
INSERT INTO employee (epn,email, position_id, first_name, last_name, brn,user_epn) VALUES (17975,'urszula.misiak@bank.pl',2,'Urszula','Misiak',41,null);
INSERT INTO employee (epn,email, position_id, first_name, last_name, brn,user_epn) VALUES (14339,'monika.nocun@bank.pl',2,'Monika','Nocun',278,null);
INSERT INTO employee (epn,email, position_id, first_name, last_name, brn,user_epn) VALUES (19304,'ewelina.paca@bank.pl',2,'Ewelina','Paca',369,null);
INSERT INTO employee (epn,email, position_id, first_name, last_name, brn,user_epn) VALUES (18794,'katarzyna.pakulska@bank.pl',2,'Katarzyna','Pakulska',342,null);
INSERT INTO employee (epn,email, position_id, first_name, last_name, brn,user_epn) VALUES (12756,'hanna.pietrzyk@bank.pl',2,'Hanna','Pietrzyk',113,null);
INSERT INTO employee (epn,email, position_id, first_name, last_name, brn,user_epn) VALUES (10938,'zbigniew.rodek@bank.pl',2,'Zbigniew','Rodek',262,null);
INSERT INTO employee (epn,email, position_id, first_name, last_name, brn,user_epn) VALUES (12783,'urszula.sielecka@bank.pl',2,'Urszula','Sielecka',315,null);
INSERT INTO employee (epn,email, position_id, first_name, last_name, brn,user_epn) VALUES (11915,'anna.smela@bank.pl',2,'Anna','Smela',377,null);
INSERT INTO employee (epn,email, position_id, first_name, last_name, brn,user_epn) VALUES (17230,'barbara.szczepanska@bank.pl',2,'Barbara','Szczepanska',194,null);
INSERT INTO employee (epn,email, position_id, first_name, last_name, brn,user_epn) VALUES (14458,'irena.trzepizur@bank.pl',2,'Irena','Trzepizur',95,null);
INSERT INTO employee (epn,email, position_id, first_name, last_name, brn,user_epn) VALUES (10175,'lidia.turek@bank.pl',2,'Lidia','Turek',126,null);
INSERT INTO employee (epn,email, position_id, first_name, last_name, brn,user_epn) VALUES (13762,'magdalena.wachowicz@bank.pl',2,'Magdalena','Wachowicz',219,null);
INSERT INTO employee (epn,email, position_id, first_name, last_name, brn,user_epn) VALUES (10245,'krystyna.witczak@bank.pl',2,'Krystyna','Witczak',51,null);
INSERT INTO employee (epn,email, position_id, first_name, last_name, brn,user_epn) VALUES (16461,'mariola.wlodarek@bank.pl',2,'Mariola','Wlodarek',199,null);
INSERT INTO employee (epn,email, position_id, first_name, last_name, brn,user_epn) VALUES (16695,'magdalena.zielinska@bank.pl',2,'Magdalena','Zielinska',142,null);
INSERT INTO employee (epn,email, position_id, first_name, last_name, brn,user_epn) VALUES (17111,'jozef.bartnik@bank.pl',2,'Jozef','Bartnik',28,null);
INSERT INTO employee (epn,email, position_id, first_name, last_name, brn,user_epn) VALUES (11290,'anna.bolek@bank.pl',2,'Anna','Bolek',58,null);
INSERT INTO employee (epn,email, position_id, first_name, last_name, brn,user_epn) VALUES (12945,'iwona.browarska@bank.pl',2,'Iwona','Browarska',88,null);
INSERT INTO employee (epn,email, position_id, first_name, last_name, brn,user_epn) VALUES (12809,'renata.brzezinska@bank.pl',2,'Renata','Brzezinska',274,null);
INSERT INTO employee (epn,email, position_id, first_name, last_name, brn,user_epn) VALUES (11065,'grazyna.dyga@bank.pl',2,'Grazyna','Dyga',203,null);
INSERT INTO employee (epn,email, position_id, first_name, last_name, brn,user_epn) VALUES (15653,'teresa.korbel@bank.pl',2,'Teresa','Korbel',144,null);
INSERT INTO employee (epn,email, position_id, first_name, last_name, brn,user_epn) VALUES (16713,'marzena.kowal@bank.pl',2,'Marzena','Kowal',230,null);
INSERT INTO employee (epn,email, position_id, first_name, last_name, brn,user_epn) VALUES (10393,'jolanta.kozlowska@bank.pl',2,'Jolanta','Kozlowska',75,null);
INSERT INTO employee (epn,email, position_id, first_name, last_name, brn,user_epn) VALUES (10744,'magdalena.krzysztofik@bank.pl',2,'Magdalena','Krzysztofik',100,null);
INSERT INTO employee (epn,email, position_id, first_name, last_name, brn,user_epn) VALUES (16755,'olga.kubat@bank.pl',2,'Olga','Kubat',229,null);
INSERT INTO employee (epn,email, position_id, first_name, last_name, brn,user_epn) VALUES (16683,'anna.ledwon@bank.pl',2,'Anna','Ledwon',181,null);
INSERT INTO employee (epn,email, position_id, first_name, last_name, brn,user_epn) VALUES (11479,'monika.lysek@bank.pl',2,'Monika','Lysek',162,null);
INSERT INTO employee (epn,email, position_id, first_name, last_name, brn,user_epn) VALUES (11775,'magdalena.misiak@bank.pl',2,'Magdalena','Misiak',331,null);
INSERT INTO employee (epn,email, position_id, first_name, last_name, brn,user_epn) VALUES (19901,'dorota.mrozek@bank.pl',2,'Dorota','Mrozek',216,null);
INSERT INTO employee (epn,email, position_id, first_name, last_name, brn,user_epn) VALUES (11073,'ewa.mulica@bank.pl',2,'Ewa','Mulica',83,null);
INSERT INTO employee (epn,email, position_id, first_name, last_name, brn,user_epn) VALUES (16722,'dorota.popczyk@bank.pl',2,'Dorota','Popczyk',185,null);
INSERT INTO employee (epn,email, position_id, first_name, last_name, brn,user_epn) VALUES (13526,'magdalena.saboczynska@bank.pl',2,'Magdalena','Saboczynska',339,null);
INSERT INTO employee (epn,email, position_id, first_name, last_name, brn,user_epn) VALUES (15587,'maria.sobalska@bank.pl',2,'Maria','Sobalska',389,null);
INSERT INTO employee (epn,email, position_id, first_name, last_name, brn,user_epn) VALUES (10236,'maria.sobol@bank.pl',2,'Maria','Sobol',87,null);
INSERT INTO employee (epn,email, position_id, first_name, last_name, brn,user_epn) VALUES (13288,'mariola.wojciechowska@bank.pl',2,'Mariola','Wojciechowska',209,null);
INSERT INTO employee (epn,email, position_id, first_name, last_name, brn,user_epn) VALUES (16313,'beata.zawada@bank.pl',2,'Beata','Zawada',294,null);
INSERT INTO employee (epn,email, position_id, first_name, last_name, brn,user_epn) VALUES (16107,'magdalena.zyta@bank.pl',2,'Magdalena','Zyta',29,null);
INSERT INTO employee (epn,email, position_id, first_name, last_name, brn,user_epn) VALUES (18894,'jan.augustyniak@bank.pl',2,'Jan','Augustyniak',275,null);
INSERT INTO employee (epn,email, position_id, first_name, last_name, brn,user_epn) VALUES (14840,'ewelina.baranowska@bank.pl',2,'Ewelina','Baranowska',112,null);
INSERT INTO employee (epn,email, position_id, first_name, last_name, brn,user_epn) VALUES (10045,'ewelina.bator@bank.pl',2,'Ewelina','Bator',321,null);
INSERT INTO employee (epn,email, position_id, first_name, last_name, brn,user_epn) VALUES (11058,'iwona.bednarek@bank.pl',2,'Iwona','Bednarek',43,null);
INSERT INTO employee (epn,email, position_id, first_name, last_name, brn,user_epn) VALUES (17784,'janina.berezinski@bank.pl',2,'Janina','Berezinski',270,null);
INSERT INTO employee (epn,email, position_id, first_name, last_name, brn,user_epn) VALUES (12991,'jolanta.derbis@bank.pl',2,'Jolanta','Derbis',96,null);
INSERT INTO employee (epn,email, position_id, first_name, last_name, brn,user_epn) VALUES (18362,'dorota.gora@bank.pl',2,'Dorota','Gora',42,null);
INSERT INTO employee (epn,email, position_id, first_name, last_name, brn,user_epn) VALUES (13143,'eliza.hutton@bank.pl',2,'Eliza','Hutton',223,null);
INSERT INTO employee (epn,email, position_id, first_name, last_name, brn,user_epn) VALUES (14466,'monika.konarska@bank.pl',2,'Monika','Konarska',76,null);
INSERT INTO employee (epn,email, position_id, first_name, last_name, brn,user_epn) VALUES (16188,'barbara.kosta@bank.pl',2,'Barbara','Kosta',330,null);
INSERT INTO employee (epn,email, position_id, first_name, last_name, brn,user_epn) VALUES (11991,'dorota.kuc@bank.pl',2,'Dorota','Kuc',148,null);
INSERT INTO employee (epn,email, position_id, first_name, last_name, brn,user_epn) VALUES (16854,'anna.linke@bank.pl',2,'Anna','Linke',215,null);
INSERT INTO employee (epn,email, position_id, first_name, last_name, brn,user_epn) VALUES (18907,'ewa.mulica@bank.pl',2,'Ewa','Mulica',182,null);
INSERT INTO employee (epn,email, position_id, first_name, last_name, brn,user_epn) VALUES (13317,'joanna.niedbala@bank.pl',2,'Joanna','Niedbala',359,null);
INSERT INTO employee (epn,email, position_id, first_name, last_name, brn,user_epn) VALUES (10640,'dagmara.orlikowska@bank.pl',2,'Dagmara','Orlikowska',82,null);
INSERT INTO employee (epn,email, position_id, first_name, last_name, brn,user_epn) VALUES (12585,'sylwia.politowska@bank.pl',2,'Sylwia','Politowska',110,null);
INSERT INTO employee (epn,email, position_id, first_name, last_name, brn,user_epn) VALUES (11473,'danuta.puczynska@bank.pl',2,'Danuta','Puczynska',60,null);
INSERT INTO employee (epn,email, position_id, first_name, last_name, brn,user_epn) VALUES (14227,'iwona.radzikowska@bank.pl',2,'Iwona','Radzikowska',78,null);
INSERT INTO employee (epn,email, position_id, first_name, last_name, brn,user_epn) VALUES (12734,'ewa.sadowska@bank.pl',2,'Ewa','Sadowska',140,null);
INSERT INTO employee (epn,email, position_id, first_name, last_name, brn,user_epn) VALUES (19122,'lidia.senderecka@bank.pl',2,'Lidia','Senderecka',258,null);
INSERT INTO employee (epn,email, position_id, first_name, last_name, brn,user_epn) VALUES (18449,'ewa.skwara@bank.pl',2,'Ewa','Skwara',212,null);
INSERT INTO employee (epn,email, position_id, first_name, last_name, brn,user_epn) VALUES (18658,'danuta.swodczyk@bank.pl',2,'Danuta','Swodczyk',238,null);
INSERT INTO employee (epn,email, position_id, first_name, last_name, brn,user_epn) VALUES (17779,'maria.sznober@bank.pl',3,'Maria','Sznober',357,null);
INSERT INTO employee (epn,email, position_id, first_name, last_name, brn,user_epn) VALUES (10394,'barbara.slezak@bank.pl',3,'Barbara','Slezak',165,null);
INSERT INTO employee (epn,email, position_id, first_name, last_name, brn,user_epn) VALUES (19343,'aleksandra.warkiewicz@bank.pl',3,'Aleksandra','Warkiewicz',7,null);
INSERT INTO employee (epn,email, position_id, first_name, last_name, brn,user_epn) VALUES (11327,'ewelina.witkowska@bank.pl',3,'Ewelina','Witkowska',302,null);
INSERT INTO employee (epn,email, position_id, first_name, last_name, brn,user_epn) VALUES (12648,'joanna.wronkowska@bank.pl',3,'Joanna','Wronkowska',249,null);
INSERT INTO employee (epn,email, position_id, first_name, last_name, brn,user_epn) VALUES (14500,'magdalena.zielinska@bank.pl',3,'Magdalena','Zielinska',26,null);
INSERT INTO employee (epn,email, position_id, first_name, last_name, brn,user_epn) VALUES (17101,'magdalena.badenska@bank.pl',3,'Magdalena','Badenska',306,null);
INSERT INTO employee (epn,email, position_id, first_name, last_name, brn,user_epn) VALUES (11434,'jolanta.bergier@bank.pl',3,'Jolanta','Bergier',85,null);
INSERT INTO employee (epn,email, position_id, first_name, last_name, brn,user_epn) VALUES (13462,'grzegorz.dudek@bank.pl',3,'Grzegorz','Dudek',354,null);
INSERT INTO employee (epn,email, position_id, first_name, last_name, brn,user_epn) VALUES (15009,'magdalena.hutnik@bank.pl',3,'Magdalena','Hutnik',392,null);
INSERT INTO employee (epn,email, position_id, first_name, last_name, brn,user_epn) VALUES (19369,'joanna.kabala@bank.pl',3,'Joanna','Kabala',290,null);
INSERT INTO employee (epn,email, position_id, first_name, last_name, brn,user_epn) VALUES (18396,'barbara.klama@bank.pl',3,'Barbara','Klama',310,null);
INSERT INTO employee (epn,email, position_id, first_name, last_name, brn,user_epn) VALUES (17721,'olga.klos@bank.pl',3,'Olga','Klos',328,null);
INSERT INTO employee (epn,email, position_id, first_name, last_name, brn,user_epn) VALUES (18947,'danuta.kos@bank.pl',3,'Danuta','Kos',186,null);
INSERT INTO employee (epn,email, position_id, first_name, last_name, brn,user_epn) VALUES (12328,'alicja.krolik@bank.pl',3,'Alicja','Krolik',282,null);
INSERT INTO employee (epn,email, position_id, first_name, last_name, brn,user_epn) VALUES (10785,'leslawa.krynska@bank.pl',3,'Leslawa','Krynska',169,null);
INSERT INTO employee (epn,email, position_id, first_name, last_name, brn,user_epn) VALUES (12543,'agata.kucharska@bank.pl',3,'Agata','Kucharska',285,null);
INSERT INTO employee (epn,email, position_id, first_name, last_name, brn,user_epn) VALUES (18728,'anna.kucharska@bank.pl',3,'Anna','Kucharska',180,null);
INSERT INTO employee (epn,email, position_id, first_name, last_name, brn,user_epn) VALUES (13089,'joanna.lis@bank.pl',3,'Joanna','Lis',283,null);
INSERT INTO employee (epn,email, position_id, first_name, last_name, brn,user_epn) VALUES (17585,'danuta.majchrzak@bank.pl',3,'Danuta','Majchrzak',361,null);
INSERT INTO employee (epn,email, position_id, first_name, last_name, brn,user_epn) VALUES (13614,'agata.mszyca@bank.pl',3,'Agata','Mszyca',276,null);
INSERT INTO employee (epn,email, position_id, first_name, last_name, brn,user_epn) VALUES (13100,'jolanta.mulczyk@bank.pl',3,'Jolanta','Mulczyk',376,null);
INSERT INTO employee (epn,email, position_id, first_name, last_name, brn,user_epn) VALUES (11096,'aneta.pala@bank.pl',3,'Aneta','Pala',304,null);
INSERT INTO employee (epn,email, position_id, first_name, last_name, brn,user_epn) VALUES (19384,'halina.rodek@bank.pl',3,'Halina','Rodek',173,null);
INSERT INTO employee (epn,email, position_id, first_name, last_name, brn,user_epn) VALUES (15105,'brygida.romanska@bank.pl',3,'Brygida','Romanska',240,null);
INSERT INTO employee (epn,email, position_id, first_name, last_name, brn,user_epn) VALUES (12875,'anna.sala@bank.pl',3,'Anna','Sala',232,null);
INSERT INTO employee (epn,email, position_id, first_name, last_name, brn,user_epn) VALUES (12316,'zofia.siejka@bank.pl',3,'Zofia','Siejka',289,null);
INSERT INTO employee (epn,email, position_id, first_name, last_name, brn,user_epn) VALUES (10185,'anna.siwka@bank.pl',3,'Anna','Siwka',303,null);
INSERT INTO employee (epn,email, position_id, first_name, last_name, brn,user_epn) VALUES (16708,'marianna.stanislawska@bank.pl',3,'Marianna','Stanislawska',260,null);
INSERT INTO employee (epn,email, position_id, first_name, last_name, brn,user_epn) VALUES (19433,'bogumila.tubielewicz@bank.pl',3,'Bogumila','Tubielewicz',244,null);
INSERT INTO employee (epn,email, position_id, first_name, last_name, brn,user_epn) VALUES (10911,'izabela.wieczorek@bank.pl',3,'Izabela','Wieczorek',235,null);
INSERT INTO employee (epn,email, position_id, first_name, last_name, brn,user_epn) VALUES (19361,'barbara.wieczorek@bank.pl',3,'Barbara','Wieczorek',265,null);
INSERT INTO employee (epn,email, position_id, first_name, last_name, brn,user_epn) VALUES (15500,'anna.wietecha@bank.pl',3,'Anna','Wietecha',375,null);
INSERT INTO employee (epn,email, position_id, first_name, last_name, brn,user_epn) VALUES (18534,'anna.wyrzykowska@bank.pl',3,'Anna','Wyrzykowska',393,null);
INSERT INTO employee (epn,email, position_id, first_name, last_name, brn,user_epn) VALUES (10435,'joanna.zablocka@bank.pl',3,'Joanna','Zablocka',208,null);
INSERT INTO employee (epn,email, position_id, first_name, last_name, brn,user_epn) VALUES (11802,'marian.bosiacki@bank.pl',3,'Marian','Bosiacki',269,null);
INSERT INTO employee (epn,email, position_id, first_name, last_name, brn,user_epn) VALUES (14442,'janusz.chmielarz@bank.pl',3,'Janusz','Chmielarz',222,null);
INSERT INTO employee (epn,email, position_id, first_name, last_name, brn,user_epn) VALUES (13210,'ewa.dawidson@bank.pl',3,'Ewa','Dawidson',243,null);
INSERT INTO employee (epn,email, position_id, first_name, last_name, brn,user_epn) VALUES (15012,'magdalena.hupa@bank.pl',3,'Magdalena','Hupa',198,null);
INSERT INTO employee (epn,email, position_id, first_name, last_name, brn,user_epn) VALUES (16662,'halina.first_namelinska@bank.pl',3,'Halina','first_namelinska',117,null);
INSERT INTO employee (epn,email, position_id, first_name, last_name, brn,user_epn) VALUES (12857,'lucyna.konopka@bank.pl',3,'Lucyna','Konopka',277,null);
INSERT INTO employee (epn,email, position_id, first_name, last_name, brn,user_epn) VALUES (15358,'ludmila.kozera@bank.pl',3,'Ludmila','Kozera',13,null);
INSERT INTO employee (epn,email, position_id, first_name, last_name, brn,user_epn) VALUES (18981,'janina.kromolowska@bank.pl',3,'Janina','Kromolowska',156,null);
INSERT INTO employee (epn,email, position_id, first_name, last_name, brn,user_epn) VALUES (10494,'iwona.krzyzkowska@bank.pl',3,'Iwona','Krzyzkowska',107,null);
INSERT INTO employee (epn,email, position_id, first_name, last_name, brn,user_epn) VALUES (16108,'ewa.lis@bank.pl',3,'Ewa','Lis',300,null);
INSERT INTO employee (epn,email, position_id, first_name, last_name, brn,user_epn) VALUES (17113,'joanna.myslek@bank.pl',3,'Joanna','Myslek',150,null);
INSERT INTO employee (epn,email, position_id, first_name, last_name, brn,user_epn) VALUES (15505,'renata.paca@bank.pl',3,'Renata','Paca',20,null);
INSERT INTO employee (epn,email, position_id, first_name, last_name, brn,user_epn) VALUES (16932,'janina.pasieka@bank.pl',3,'Janina','Pasieka',131,null);
INSERT INTO employee (epn,email, position_id, first_name, last_name, brn,user_epn) VALUES (10584,'krystyna.pasieka@bank.pl',3,'Krystyna','Pasieka',41,null);
INSERT INTO employee (epn,email, position_id, first_name, last_name, brn,user_epn) VALUES (10340,'ewa.patryarcha@bank.pl',3,'Ewa','Patryarcha',278,null);
INSERT INTO employee (epn,email, position_id, first_name, last_name, brn,user_epn) VALUES (15546,'renata.perczak@bank.pl',3,'Renata','Perczak',369,null);
INSERT INTO employee (epn,email, position_id, first_name, last_name, brn,user_epn) VALUES (11436,'renata.pietruszka@bank.pl',3,'Renata','Pietruszka',342,null);
INSERT INTO employee (epn,email, position_id, first_name, last_name, brn,user_epn) VALUES (18824,'magdalena.prokop@bank.pl',3,'Magdalena','Prokop',113,null);
INSERT INTO employee (epn,email, position_id, first_name, last_name, brn,user_epn) VALUES (14183,'andrzej.prokop@bank.pl',3,'Andrzej','Prokop',262,null);
INSERT INTO employee (epn,email, position_id, first_name, last_name, brn,user_epn) VALUES (11240,'krystyna.siwka@bank.pl',3,'Krystyna','Siwka',315,null);
INSERT INTO employee (epn,email, position_id, first_name, last_name, brn,user_epn) VALUES (11035,'maria.szlenk@bank.pl',3,'Maria','Szlenk',377,null);
INSERT INTO employee (epn,email, position_id, first_name, last_name, brn,user_epn) VALUES (12031,'agnieszka.tarnopolska@bank.pl',3,'Agnieszka','Tarnopolska',194,null);
INSERT INTO employee (epn,email, position_id, first_name, last_name, brn,user_epn) VALUES (16021,'ewelina.ujma@bank.pl',3,'Ewelina','Ujma',95,null);
INSERT INTO employee (epn,email, position_id, first_name, last_name, brn,user_epn) VALUES (18651,'anna.wiktorowicz@bank.pl',3,'Anna','Wiktorowicz',126,null);
INSERT INTO employee (epn,email, position_id, first_name, last_name, brn,user_epn) VALUES (12751,'ewa.witczak@bank.pl',3,'Ewa','Witczak',219,null);
INSERT INTO employee (epn,email, position_id, first_name, last_name, brn,user_epn) VALUES (10396,'joanna.woldanska@bank.pl',3,'Joanna','Woldanska',51,null);
INSERT INTO employee (epn,email, position_id, first_name, last_name, brn,user_epn) VALUES (13114,'joanna.wrona@bank.pl',3,'Joanna','Wrona',199,null);
INSERT INTO employee (epn,email, position_id, first_name, last_name, brn,user_epn) VALUES (13443,'magdalena.zielinska@bank.pl',3,'Magdalena','Zielinska',142,null);
INSERT INTO employee (epn,email, position_id, first_name, last_name, brn,user_epn) VALUES (13271,'teresa.bak@bank.pl',3,'Teresa','Bak',28,null);
INSERT INTO employee (epn,email, position_id, first_name, last_name, brn,user_epn) VALUES (13962,'agnieszka.bracel@bank.pl',3,'Agnieszka','Bracel',58,null);
INSERT INTO employee (epn,email, position_id, first_name, last_name, brn,user_epn) VALUES (10511,'jadwiga.budzik@bank.pl',3,'Jadwiga','Budzik',88,null);
INSERT INTO employee (epn,email, position_id, first_name, last_name, brn,user_epn) VALUES (15075,'wieslawa.dymek@bank.pl',3,'Wieslawa','Dymek',274,null);
INSERT INTO employee (epn,email, position_id, first_name, last_name, brn,user_epn) VALUES (17498,'agnieszka.foksowicz@bank.pl',3,'Agnieszka','Foksowicz',203,null);
INSERT INTO employee (epn,email, position_id, first_name, last_name, brn,user_epn) VALUES (10103,'beata.haladyn@bank.pl',3,'Beata','Haladyn',144,null);
INSERT INTO employee (epn,email, position_id, first_name, last_name, brn,user_epn) VALUES (15274,'ewa.kasprowska-wielgos@bank.pl',3,'Ewa','Kasprowska-Wielgos',230,null);
INSERT INTO employee (epn,email, position_id, first_name, last_name, brn,user_epn) VALUES (10936,'anna.kubczyk@bank.pl',3,'Anna','Kubczyk',75,null);
INSERT INTO employee (epn,email, position_id, first_name, last_name, brn,user_epn) VALUES (14140,'jolanta.lach@bank.pl',3,'Jolanta','Lach',100,null);
INSERT INTO employee (epn,email, position_id, first_name, last_name, brn,user_epn) VALUES (18415,'joanna.lewandowska@bank.pl',3,'Joanna','Lewandowska',229,null);
INSERT INTO employee (epn,email, position_id, first_name, last_name, brn,user_epn) VALUES (10817,'krystyna.lysek@bank.pl',3,'Krystyna','Lysek',181,null);
INSERT INTO employee (epn,email, position_id, first_name, last_name, brn,user_epn) VALUES (16353,'magdalena.majewska@bank.pl',3,'Magdalena','Majewska',162,null);
INSERT INTO employee (epn,email, position_id, first_name, last_name, brn,user_epn) VALUES (17308,'marta.malecka@bank.pl',3,'Marta','Malecka',331,null);
INSERT INTO employee (epn,email, position_id, first_name, last_name, brn,user_epn) VALUES (15499,'marta.marks@bank.pl',3,'Marta','Marks',216,null);
INSERT INTO employee (epn,email, position_id, first_name, last_name, brn,user_epn) VALUES (19948,'barbara.mikolajczyk@bank.pl',3,'Barbara','Mikolajczyk',83,null);
INSERT INTO employee (epn,email, position_id, first_name, last_name, brn,user_epn) VALUES (18495,'marcin.platek@bank.pl',3,'Marcin','Platek',185,null);
INSERT INTO employee (epn,email, position_id, first_name, last_name, brn,user_epn) VALUES (13294,'dorota.poznanska@bank.pl',3,'Dorota','Poznanska',339,null);
INSERT INTO employee (epn,email, position_id, first_name, last_name, brn,user_epn) VALUES (19265,'ewa.rakowska@bank.pl',3,'Ewa','Rakowska',389,null);
INSERT INTO employee (epn,email, position_id, first_name, last_name, brn,user_epn) VALUES (15648,'jolanta.rubik@bank.pl',3,'Jolanta','Rubik',87,null);
INSERT INTO employee (epn,email, position_id, first_name, last_name, brn,user_epn) VALUES (13025,'anna.skalik@bank.pl',3,'Anna','Skalik',209,null);
INSERT INTO employee (epn,email, position_id, first_name, last_name, brn,user_epn) VALUES (15978,'grazyna.witczak@bank.pl',3,'Grazyna','Witczak',294,null);
INSERT INTO employee (epn,email, position_id, first_name, last_name, brn,user_epn) VALUES (15782,'alicja.witczak@bank.pl',3,'Alicja','Witczak',29,null);
INSERT INTO employee (epn,email, position_id, first_name, last_name, brn,user_epn) VALUES (10849,'dorota.wojcik@bank.pl',3,'Dorota','Wojcik',275,null);
INSERT INTO employee (epn,email, position_id, first_name, last_name, brn,user_epn) VALUES (11544,'beata.zabielana@bank.pl',3,'Beata','Zabielana',112,null);
INSERT INTO employee (epn,email, position_id, first_name, last_name, brn,user_epn) VALUES (19104,'urszula.aksamit@bank.pl',3,'Urszula','Aksamit',321,null);
INSERT INTO employee (epn,email, position_id, first_name, last_name, brn,user_epn) VALUES (15393,'dorota.barucka@bank.pl',3,'Dorota','Barucka',43,null);
INSERT INTO employee (epn,email, position_id, first_name, last_name, brn,user_epn) VALUES (13958,'zdzislawa.biela@bank.pl',3,'Zdzislawa','Biela',270,null);
INSERT INTO employee (epn,email, position_id, first_name, last_name, brn,user_epn) VALUES (19823,'urszula.borkowska@bank.pl',3,'Urszula','Borkowska',96,null);
INSERT INTO employee (epn,email, position_id, first_name, last_name, brn,user_epn) VALUES (10368,'monika.grudzka@bank.pl',3,'Monika','Grudzka',42,null);
INSERT INTO employee (epn,email, position_id, first_name, last_name, brn,user_epn) VALUES (10983,'dorota.gulinska@bank.pl',3,'Dorota','Gulinska',223,null);
INSERT INTO employee (epn,email, position_id, first_name, last_name, brn,user_epn) VALUES (13519,'jagoda.korzeniewska@bank.pl',3,'Jagoda','Korzeniewska',76,null);
INSERT INTO employee (epn,email, position_id, first_name, last_name, brn,user_epn) VALUES (12601,'jolanta.kurko@bank.pl',3,'Jolanta','Kurko',330,null);
INSERT INTO employee (epn,email, position_id, first_name, last_name, brn,user_epn) VALUES (19316,'ewa.kurzynska@bank.pl',3,'Ewa','Kurzynska',148,null);
INSERT INTO employee (epn,email, position_id, first_name, last_name, brn,user_epn) VALUES (14197,'danuta.majba@bank.pl',3,'Danuta','Majba',215,null);
INSERT INTO employee (epn,email, position_id, first_name, last_name, brn,user_epn) VALUES (10585,'ewelina.marlinska@bank.pl',3,'Ewelina','Marlinska',182,null);
INSERT INTO employee (epn,email, position_id, first_name, last_name, brn,user_epn) VALUES (11501,'jolanta.michalik@bank.pl',3,'Jolanta','Michalik',359,null);
INSERT INTO employee (epn,email, position_id, first_name, last_name, brn,user_epn) VALUES (13533,'aneta.nykis@bank.pl',3,'Aneta','Nykis',82,null);
INSERT INTO employee (epn,email, position_id, first_name, last_name, brn,user_epn) VALUES (14908,'monika.ociepa@bank.pl',3,'Monika','Ociepa',110,null);
INSERT INTO employee (epn,email, position_id, first_name, last_name, brn,user_epn) VALUES (14324,'barbara.ogoszewska@bank.pl',3,'Barbara','Ogoszewska',60,null);
INSERT INTO employee (epn,email, position_id, first_name, last_name, brn,user_epn) VALUES (19537,'iwona.pala@bank.pl',3,'Iwona','Pala',78,null);
INSERT INTO employee (epn,email, position_id, first_name, last_name, brn,user_epn) VALUES (15570,'aleksandra.palicka@bank.pl',3,'Aleksandra','Palicka',140,null);
INSERT INTO employee (epn,email, position_id, first_name, last_name, brn,user_epn) VALUES (14623,'anita.sielecka@bank.pl',3,'Anita','Sielecka',258,null);
INSERT INTO employee (epn,email, position_id, first_name, last_name, brn,user_epn) VALUES (11883,'krystyna.spyra@bank.pl',3,'Krystyna','Spyra',212,null);
INSERT INTO employee (epn,email, position_id, first_name, last_name, brn,user_epn) VALUES (12482,'jaroslaw.stasiak@bank.pl',3,'Jaroslaw','Stasiak',238,null);
INSERT INTO employee (epn,email, position_id, first_name, last_name, brn,user_epn) VALUES (11764,'edyta.supernak@bank.pl',4,'Edyta','Supernak',357,null);
INSERT INTO employee (epn,email, position_id, first_name, last_name, brn,user_epn) VALUES (10520,'ewa.surmacka@bank.pl',4,'Ewa','Surmacka',165,null);
INSERT INTO employee (epn,email, position_id, first_name, last_name, brn,user_epn) VALUES (19240,'dorota.switalska@bank.pl',4,'Dorota','Switalska',7,null);
INSERT INTO employee (epn,email, position_id, first_name, last_name, brn,user_epn) VALUES (19346,'magdalena.trabska@bank.pl',4,'Magdalena','Trabska',302,null);
INSERT INTO employee (epn,email, position_id, first_name, last_name, brn,user_epn) VALUES (18819,'ewelina.tyla@bank.pl',4,'Ewelina','Tyla',249,null);
INSERT INTO employee (epn,email, position_id, first_name, last_name, brn,user_epn) VALUES (12173,'teresa.wawrzak@bank.pl',4,'Teresa','Wawrzak',26,null);
INSERT INTO employee (epn,email, position_id, first_name, last_name, brn,user_epn) VALUES (12842,'aneta.witczak@bank.pl',4,'Aneta','Witczak',306,null);
INSERT INTO employee (epn,email, position_id, first_name, last_name, brn,user_epn) VALUES (19704,'mariola.wochal@bank.pl',4,'Mariola','Wochal',85,null);
INSERT INTO employee (epn,email, position_id, first_name, last_name, brn,user_epn) VALUES (12895,'miroslawa.wolowiec@bank.pl',4,'Miroslawa','Wolowiec',354,null);
INSERT INTO employee (epn,email, position_id, first_name, last_name, brn,user_epn) VALUES (19885,'jan.zmudzinski@bank.pl',4,'Jan','zmudzinski',392,null);
INSERT INTO employee (epn,email, position_id, first_name, last_name, brn,user_epn) VALUES (19578,'alicja.bednarczyk@bank.pl',4,'Alicja','Bednarczyk',290,null);
INSERT INTO employee (epn,email, position_id, first_name, last_name, brn,user_epn) VALUES (15048,'barbara.gluszek@bank.pl',4,'Barbara','Gluszek',310,null);
INSERT INTO employee (epn,email, position_id, first_name, last_name, brn,user_epn) VALUES (14256,'maria.golczyk@bank.pl',4,'Maria','Golczyk',328,null);
INSERT INTO employee (epn,email, position_id, first_name, last_name, brn,user_epn) VALUES (13654,'magdalena.haberko@bank.pl',4,'Magdalena','Haberko',186,null);
INSERT INTO employee (epn,email, position_id, first_name, last_name, brn,user_epn) VALUES (12574,'joanna.janik@bank.pl',4,'Joanna','Janik',282,null);
INSERT INTO employee (epn,email, position_id, first_name, last_name, brn,user_epn) VALUES (16009,'ewa.kapusniak@bank.pl',4,'Ewa','Kapusniak',169,null);
INSERT INTO employee (epn,email, position_id, first_name, last_name, brn,user_epn) VALUES (10083,'alicja.klepacz@bank.pl',4,'Alicja','Klepacz',285,null);
INSERT INTO employee (epn,email, position_id, first_name, last_name, brn,user_epn) VALUES (10542,'anna.kozlowska@bank.pl',4,'Anna','Kozlowska',180,null);
INSERT INTO employee (epn,email, position_id, first_name, last_name, brn,user_epn) VALUES (17204,'wojciech.nowak@bank.pl',4,'Wojciech','Nowak',283,null);
INSERT INTO employee (epn,email, position_id, first_name, last_name, brn,user_epn) VALUES (11709,'gabriela.owczarek@bank.pl',4,'Gabriela','Owczarek',361,null);
INSERT INTO employee (epn,email, position_id, first_name, last_name, brn,user_epn) VALUES (10721,'grzegorz.paciepnik@bank.pl',4,'Grzegorz','Paciepnik',276,null);
INSERT INTO employee (epn,email, position_id, first_name, last_name, brn,user_epn) VALUES (12514,'maria.polak@bank.pl',4,'Maria','Polak',376,null);
INSERT INTO employee (epn,email, position_id, first_name, last_name, brn,user_epn) VALUES (17954,'jolanta.romianowska@bank.pl',4,'Jolanta','Romianowska',304,null);
INSERT INTO employee (epn,email, position_id, first_name, last_name, brn,user_epn) VALUES (11583,'ewa.stefanska@bank.pl',4,'Ewa','Stefanska',173,null);
INSERT INTO employee (epn,email, position_id, first_name, last_name, brn,user_epn) VALUES (14238,'sabina.szczukocka@bank.pl',4,'Sabina','Szczukocka',240,null);
INSERT INTO employee (epn,email, position_id, first_name, last_name, brn,user_epn) VALUES (10656,'barbara.wasiak@bank.pl',4,'Barbara','Wasiak',232,null);
INSERT INTO employee (epn,email, position_id, first_name, last_name, brn,user_epn) VALUES (15318,'ilona.wronkowska@bank.pl',4,'Ilona','Wronkowska',289,null);
INSERT INTO employee (epn,email, position_id, first_name, last_name, brn,user_epn) VALUES (10995,'magdalena.zdulska@bank.pl',4,'Magdalena','Zdulska',303,null);
INSERT INTO employee (epn,email, position_id, first_name, last_name, brn,user_epn) VALUES (10346,'ewa.zelnik@bank.pl',4,'Ewa','Zelnik',260,null);
INSERT INTO employee (epn,email, position_id, first_name, last_name, brn,user_epn) VALUES (19318,'barbara.zymek@bank.pl',4,'Barbara','Zymek',244,null);
INSERT INTO employee (epn,email, position_id, first_name, last_name, brn,user_epn) VALUES (17167,'henryka.broniszewska@bank.pl',4,'Henryka','Broniszewska',235,null);
INSERT INTO employee (epn,email, position_id, first_name, last_name, brn,user_epn) VALUES (15296,'urszula.chalaszczyk@bank.pl',4,'Urszula','Chalaszczyk',265,null);
INSERT INTO employee (epn,email, position_id, first_name, last_name, brn,user_epn) VALUES (15217,'adam.czerwinski@bank.pl',4,'Adam','Czerwinski',375,null);
INSERT INTO employee (epn,email, position_id, first_name, last_name, brn,user_epn) VALUES (15839,'danuta.klekot@bank.pl',4,'Danuta','Klekot',393,null);
INSERT INTO employee (epn,email, position_id, first_name, last_name, brn,user_epn) VALUES (13139,'gabriela.knas@bank.pl',4,'Gabriela','Knas',208,null);
INSERT INTO employee (epn,email, position_id, first_name, last_name, brn,user_epn) VALUES (14765,'magda.kulesza@bank.pl',4,'Magda','Kulesza',269,null);
INSERT INTO employee (epn,email, position_id, first_name, last_name, brn,user_epn) VALUES (14622,'barbara.majcherek@bank.pl',4,'Barbara','Majcherek',222,null);
INSERT INTO employee (epn,email, position_id, first_name, last_name, brn,user_epn) VALUES (10023,'maria.makles@bank.pl',4,'Maria','Makles',243,null);
INSERT INTO employee (epn,email, position_id, first_name, last_name, brn,user_epn) VALUES (16844,'ewelina.poroszewska@bank.pl',4,'Ewelina','Poroszewska',198,null);
INSERT INTO employee (epn,email, position_id, first_name, last_name, brn,user_epn) VALUES (16473,'zofia.urbaniak@bank.pl',4,'Zofia','Urbaniak',117,null);
INSERT INTO employee (epn,email, position_id, first_name, last_name, brn,user_epn) VALUES (11614,'barbara.zasepa@bank.pl',4,'Barbara','Zasepa',277,null);
INSERT INTO employee (epn,email, position_id, first_name, last_name, brn,user_epn) VALUES (13528,'dorota.janczyk@bank.pl',4,'Dorota','Janczyk',13,null);
INSERT INTO employee (epn,email, position_id, first_name, last_name, brn,user_epn) VALUES (11114,'alina.bielnik@bank.pl',4,'Alina','Bielnik',156,null);
INSERT INTO employee (epn,email, position_id, first_name, last_name, brn,user_epn) VALUES (15948,'lidia.chalaszczyk@bank.pl',4,'Lidia','Chalaszczyk',107,null);
INSERT INTO employee (epn,email, position_id, first_name, last_name, brn,user_epn) VALUES (18660,'ewa.grzesik@bank.pl',4,'Ewa','Grzesik',300,null);
INSERT INTO employee (epn,email, position_id, first_name, last_name, brn,user_epn) VALUES (10165,'barbara.grzybek@bank.pl',4,'Barbara','Grzybek',150,null);
INSERT INTO employee (epn,email, position_id, first_name, last_name, brn,user_epn) VALUES (12966,'ewa.knap@bank.pl',4,'Ewa','Knap',20,null);
INSERT INTO employee (epn,email, position_id, first_name, last_name, brn,user_epn) VALUES (19737,'ewa.knapik@bank.pl',4,'Ewa','Knapik',131,null);
INSERT INTO employee (epn,email, position_id, first_name, last_name, brn,user_epn) VALUES (16178,'magdalena.krzyszczyk@bank.pl',4,'Magdalena','Krzyszczyk',41,null);
INSERT INTO employee (epn,email, position_id, first_name, last_name, brn,user_epn) VALUES (15391,'halina.kwiatkowska@bank.pl',4,'Halina','Kwiatkowska',278,null);
INSERT INTO employee (epn,email, position_id, first_name, last_name, brn,user_epn) VALUES (11006,'monika.nowakowska@bank.pl',4,'Monika','Nowakowska',369,null);
INSERT INTO employee (epn,email, position_id, first_name, last_name, brn,user_epn) VALUES (18262,'marzena.paprocka@bank.pl',4,'Marzena','Paprocka',342,null);
INSERT INTO employee (epn,email, position_id, first_name, last_name, brn,user_epn) VALUES (15256,'anna.piwowarczyk@bank.pl',4,'Anna','Piwowarczyk',113,null);
INSERT INTO employee (epn,email, position_id, first_name, last_name, brn,user_epn) VALUES (16336,'dagmara.sosnowska@bank.pl',4,'Dagmara','Sosnowska',262,null);
INSERT INTO employee (epn,email, position_id, first_name, last_name, brn,user_epn) VALUES (17277,'dorota.staszczyk@bank.pl',4,'Dorota','Staszczyk',315,null);
INSERT INTO employee (epn,email, position_id, first_name, last_name, brn,user_epn) VALUES (12298,'joanna.stefanek@bank.pl',4,'Joanna','Stefanek',377,null);
INSERT INTO employee (epn,email, position_id, first_name, last_name, brn,user_epn) VALUES (17303,'teresa.wolniak@bank.pl',4,'Teresa','Wolniak',194,null);
INSERT INTO employee (epn,email, position_id, first_name, last_name, brn,user_epn) VALUES (14574,'anna.wronko@bank.pl',4,'Anna','Wronko',95,null);
INSERT INTO employee (epn,email, position_id, first_name, last_name, brn,user_epn) VALUES (14680,'izabela.biela@bank.pl',4,'Izabela','Biela',126,null);
INSERT INTO employee (epn,email, position_id, first_name, last_name, brn,user_epn) VALUES (15681,'ewa.jelenska@bank.pl',4,'Ewa','Jelenska',219,null);
INSERT INTO employee (epn,email, position_id, first_name, last_name, brn,user_epn) VALUES (16449,'dorota.jelonek@bank.pl',4,'Dorota','Jelonek',51,null);
INSERT INTO employee (epn,email, position_id, first_name, last_name, brn,user_epn) VALUES (13953,'jolanta.jonska@bank.pl',4,'Jolanta','Jonska',199,null);
INSERT INTO employee (epn,email, position_id, first_name, last_name, brn,user_epn) VALUES (12737,'joanna.kowalczyk@bank.pl',4,'Joanna','Kowalczyk',142,null);
INSERT INTO employee (epn,email, position_id, first_name, last_name, brn,user_epn) VALUES (12801,'jadwiga.kucharska@bank.pl',4,'Jadwiga','Kucharska',28,null);
INSERT INTO employee (epn,email, position_id, first_name, last_name, brn,user_epn) VALUES (13328,'halina.postrach@bank.pl',4,'Halina','Postrach',58,null);
INSERT INTO employee (epn,email, position_id, first_name, last_name, brn,user_epn) VALUES (18707,'beata.szwaja@bank.pl',4,'Beata','Szwaja',88,null);
INSERT INTO employee (epn,email, position_id, first_name, last_name, brn,user_epn) VALUES (14740,'edyta.szyda@bank.pl',4,'Edyta','Szyda',274,null);
INSERT INTO employee (epn,email, position_id, first_name, last_name, brn,user_epn) VALUES (13546,'joanna.wieniewska@bank.pl',4,'Joanna','Wieniewska',203,null);
INSERT INTO employee (epn,email, position_id, first_name, last_name, brn,user_epn) VALUES (13505,'maria.wolniak@bank.pl',4,'Maria','Wolniak',144,null);
INSERT INTO employee (epn,email, position_id, first_name, last_name, brn,user_epn) VALUES (13707,'mariusz.zawadzka@bank.pl',4,'Mariusz','Zawadzka',230,null);
INSERT INTO employee (epn,email, position_id, first_name, last_name, brn,user_epn) VALUES (16804,'beata.cybulska@bank.pl',4,'Beata','Cybulska',75,null);
INSERT INTO employee (epn,email, position_id, first_name, last_name, brn,user_epn) VALUES (19080,'monika.chalaszczyk@bank.pl',4,'Monika','Chalaszczyk',100,null);
INSERT INTO employee (epn,email, position_id, first_name, last_name, brn,user_epn) VALUES (14874,'aneta.czerwik@bank.pl',4,'Aneta','Czerwik',229,null);
INSERT INTO employee (epn,email, position_id, first_name, last_name, brn,user_epn) VALUES (19071,'ewelina.francuz@bank.pl',4,'Ewelina','Francuz',181,null);
INSERT INTO employee (epn,email, position_id, first_name, last_name, brn,user_epn) VALUES (17760,'ewa.giersztof@bank.pl',4,'Ewa','Giersztof',162,null);
INSERT INTO employee (epn,email, position_id, first_name, last_name, brn,user_epn) VALUES (19876,'ewa.kaczmarska@bank.pl',4,'Ewa','Kaczmarska',331,null);
INSERT INTO employee (epn,email, position_id, first_name, last_name, brn,user_epn) VALUES (11724,'agata.kocot@bank.pl',4,'Agata','Kocot',216,null);
INSERT INTO employee (epn,email, position_id, first_name, last_name, brn,user_epn) VALUES (12917,'edyta.kolman@bank.pl',4,'Edyta','Kolman',83,null);
INSERT INTO employee (epn,email, position_id, first_name, last_name, brn,user_epn) VALUES (16228,'ewelina.mikha@bank.pl',4,'Ewelina','Mikha',185,null);
INSERT INTO employee (epn,email, position_id, first_name, last_name, brn,user_epn) VALUES (17780,'ewa.penc@bank.pl',4,'Ewa','Penc',339,null);
INSERT INTO employee (epn,email, position_id, first_name, last_name, brn,user_epn) VALUES (12043,'ewa.sulkowska@bank.pl',4,'Ewa','Sulkowska',389,null);
INSERT INTO employee (epn,email, position_id, first_name, last_name, brn,user_epn) VALUES (19711,'agata.zbrzezny@bank.pl',4,'Agata','Zbrzezny',87,null);
INSERT INTO employee (epn,email, position_id, first_name, last_name, brn,user_epn) VALUES (10166,'katarzyna.chalaszczyk@bank.pl',4,'Katarzyna','Chalaszczyk',209,null);
INSERT INTO employee (epn,email, position_id, first_name, last_name, brn,user_epn) VALUES (10867,'magdalena.migdalska@bank.pl',4,'Magdalena','Migdalska',294,null);
INSERT INTO employee (epn,email, position_id, first_name, last_name, brn,user_epn) VALUES (12414,'anna.mistarz@bank.pl',4,'Anna','Mistarz',29,null);
INSERT INTO employee (epn,email, position_id, first_name, last_name, brn,user_epn) VALUES (19818,'edyta.pyrkowska@bank.pl',4,'Edyta','Pyrkowska',275,null);
INSERT INTO employee (epn,email, position_id, first_name, last_name, brn,user_epn) VALUES (11618,'beata.solnik@bank.pl',4,'Beata','Solnik',112,null);
INSERT INTO employee (epn,email, position_id, first_name, last_name, brn,user_epn) VALUES (12153,'joanna.surlejewska@bank.pl',4,'Joanna','Surlejewska',321,null);
INSERT INTO employee (epn,email, position_id, first_name, last_name, brn,user_epn) VALUES (12729,'beata.szczelniak@bank.pl',4,'Beata','Szczelniak',43,null);
INSERT INTO employee (epn,email, position_id, first_name, last_name, brn,user_epn) VALUES (10422,'klaudia.szcibielska@bank.pl',4,'Klaudia','Szcibielska',270,null);
INSERT INTO employee (epn,email, position_id, first_name, last_name, brn,user_epn) VALUES (18388,'izabela.wojaczek@bank.pl',4,'Izabela','Wojaczek',96,null);
INSERT INTO employee (epn,email, position_id, first_name, last_name, brn,user_epn) VALUES (12999,'agata.zielnik@bank.pl',4,'Agata','Zielnik',42,null);
INSERT INTO employee (epn,email, position_id, first_name, last_name, brn,user_epn) VALUES (10121,'iwona.flak@bank.pl',4,'Iwona','Flak',223,null);
INSERT INTO employee (epn,email, position_id, first_name, last_name, brn,user_epn) VALUES (15545,'krystian.kala@bank.pl',4,'Krystian','Kala',76,null);
INSERT INTO employee (epn,email, position_id, first_name, last_name, brn,user_epn) VALUES (12376,'alicja.kumierska@bank.pl',4,'Alicja','Kumierska',330,null);
INSERT INTO employee (epn,email, position_id, first_name, last_name, brn,user_epn) VALUES (13077,'mariola.moryn@bank.pl',4,'Mariola','Moryn',148,null);
INSERT INTO employee (epn,email, position_id, first_name, last_name, brn,user_epn) VALUES (18589,'adam.peryga@bank.pl',4,'Adam','Peryga',215,null);
INSERT INTO employee (epn,email, position_id, first_name, last_name, brn,user_epn) VALUES (16669,'teodor.szczygiol@bank.pl',4,'Teodor','Szczygiol',182,null);
INSERT INTO employee (epn,email, position_id, first_name, last_name, brn,user_epn) VALUES (17191,'teresa.staszczyk@bank.pl',4,'Teresa','Staszczyk',359,null);
INSERT INTO employee (epn,email, position_id, first_name, last_name, brn,user_epn) VALUES (11009,'maria.szedzin@bank.pl',4,'Maria','Szedzin',82,null);
INSERT INTO employee (epn,email, position_id, first_name, last_name, brn,user_epn) VALUES (15552,'anna.wojtowicz@bank.pl',4,'Anna','Wojtowicz',110,null);
INSERT INTO employee (epn,email, position_id, first_name, last_name, brn,user_epn) VALUES (19460,'danuta.wojek@bank.pl',4,'Danuta','Wojek',60,null);
INSERT INTO employee (epn,email, position_id, first_name, last_name, brn,user_epn) VALUES (12227,'agata.drzewiecka@bank.pl',4,'Agata','Drzewiecka',78,null);
INSERT INTO employee (epn,email, position_id, first_name, last_name, brn,user_epn) VALUES (13794,'aneta.dusza@bank.pl',4,'Aneta','Dusza',140,null);
INSERT INTO employee (epn,email, position_id, first_name, last_name, brn,user_epn) VALUES (16842,'agata.gryczka@bank.pl',4,'Agata','Gryczka',258,null);
INSERT INTO employee (epn,email, position_id, first_name, last_name, brn,user_epn) VALUES (19087,'renata.marciniak@bank.pl',4,'Renata','Marciniak',212,null);
INSERT INTO employee (epn,email, position_id, first_name, last_name, brn,user_epn) VALUES (19162,'agnieszka.plaskacz@bank.pl',4,'Agnieszka','Plaskacz',238,null);
INSERT INTO employee (epn,email, position_id, first_name, last_name, brn,user_epn) VALUES (17798,'adam.stacherczak@bank.pl',5,'Adam','Stacherczak',357,null);
INSERT INTO employee (epn,email, position_id, first_name, last_name, brn,user_epn) VALUES (17260,'ewa.klezak@bank.pl',5,'Ewa','Klezak',165,null);
INSERT INTO employee (epn,email, position_id, first_name, last_name, brn,user_epn) VALUES (16485,'kazfirst_namerz.woszczyn@bank.pl',5,'Kazfirst_namerz','Woszczyn',7,null);
INSERT INTO employee (epn,email, position_id, first_name, last_name, brn,user_epn) VALUES (16393,'anna.zalejska@bank.pl',5,'Anna','Zalejska',302,null);
INSERT INTO employee (epn,email, position_id, first_name, last_name, brn,user_epn) VALUES (16845,'kamil.zwierzynski@bank.pl',5,'Kamil','Zwierzynski',249,null);
INSERT INTO employee (epn,email, position_id, first_name, last_name, brn,user_epn) VALUES (16435,'ilona.kozuch@bank.pl',5,'Ilona','Kozuch',26,null);
INSERT INTO employee (epn,email, position_id, first_name, last_name, brn,user_epn) VALUES (13641,'iwona.lechowicz@bank.pl',5,'Iwona','Lechowicz',306,null);
INSERT INTO employee (epn,email, position_id, first_name, last_name, brn,user_epn) VALUES (17856,'marta.kasik@bank.pl',5,'Marta','Kasik',85,null);
INSERT INTO employee (epn,email, position_id, first_name, last_name, brn,user_epn) VALUES (14941,'anita.michalak@bank.pl',5,'Anita','Michalak',354,null);
INSERT INTO employee (epn,email, position_id, first_name, last_name, brn,user_epn) VALUES (16955,'beata.nawrocka@bank.pl',5,'Beata','Nawrocka',392,null);
INSERT INTO employee (epn,email, position_id, first_name, last_name, brn,user_epn) VALUES (16938,'aneta.porada@bank.pl',5,'Aneta','Porada',290,null);
INSERT INTO employee (epn,email, position_id, first_name, last_name, brn,user_epn) VALUES (12245,'wojciech.rospondek@bank.pl',5,'Wojciech','Rospondek',310,null);
INSERT INTO employee (epn,email, position_id, first_name, last_name, brn,user_epn) VALUES (17288,'urszula.sowa@bank.pl',5,'Urszula','Sowa',328,null);
INSERT INTO employee (epn,email, position_id, first_name, last_name, brn,user_epn) VALUES (17613,'barbara.stajkowska@bank.pl',5,'Barbara','Stajkowska',186,null);
INSERT INTO employee (epn,email, position_id, first_name, last_name, brn,user_epn) VALUES (18504,'piotr.walasek@bank.pl',5,'Piotr','Walasek',282,null);
INSERT INTO employee (epn,email, position_id, first_name, last_name, brn,user_epn) VALUES (11328,'dorota.warzoche@bank.pl',5,'Dorota','Warzoche',169,null);
INSERT INTO employee (epn,email, position_id, first_name, last_name, brn,user_epn) VALUES (19254,'janina.wawrzak@bank.pl',5,'Janina','Wawrzak',285,null);
INSERT INTO employee (epn,email, position_id, first_name, last_name, brn,user_epn) VALUES (10253,'aniela.gackowska@bank.pl',5,'Aniela','Gackowska',180,null);
INSERT INTO employee (epn,email, position_id, first_name, last_name, brn,user_epn) VALUES (18899,'zdzislawa.ledwon@bank.pl',5,'Zdzislawa','Ledwon',283,null);
INSERT INTO employee (epn,email, position_id, first_name, last_name, brn,user_epn) VALUES (13279,'krystyna.mysik@bank.pl',5,'Krystyna','Mysik',361,null);
INSERT INTO employee (epn,email, position_id, first_name, last_name, brn,user_epn) VALUES (18480,'krystyna.nicpol@bank.pl',5,'Krystyna','Nicpol',276,null);
INSERT INTO employee (epn,email, position_id, first_name, last_name, brn,user_epn) VALUES (17321,'iwona.sokolnik@bank.pl',5,'Iwona','Sokolnik',376,null);
INSERT INTO employee (epn,email, position_id, first_name, last_name, brn,user_epn) VALUES (16437,'agata.sowada@bank.pl',5,'Agata','Sowada',304,null);
INSERT INTO employee (epn,email, position_id, first_name, last_name, brn,user_epn) VALUES (18624,'sabina.stanior@bank.pl',5,'Sabina','Stanior',173,null);
INSERT INTO employee (epn,email, position_id, first_name, last_name, brn,user_epn) VALUES (15093,'jadwiga.trzepizur@bank.pl',5,'Jadwiga','Trzepizur',240,null);
INSERT INTO employee (epn,email, position_id, first_name, last_name, brn,user_epn) VALUES (14789,'ewa.wachowska@bank.pl',5,'Ewa','Wachowska',232,null);
INSERT INTO employee (epn,email, position_id, first_name, last_name, brn,user_epn) VALUES (13174,'agnieszka.zukow@bank.pl',5,'Agnieszka','Zukow',289,null);
INSERT INTO employee (epn,email, position_id, first_name, last_name, brn,user_epn) VALUES (10502,'halina.wrzesinska@bank.pl',5,'Halina','Wrzesinska',303,null);
INSERT INTO employee (epn,email, position_id, first_name, last_name, brn,user_epn) VALUES (15240,'marian.seler@bank.pl',5,'Marian','Seler',260,null);
INSERT INTO employee (epn,email, position_id, first_name, last_name, brn,user_epn) VALUES (19206,'joanna.orlowska@bank.pl',5,'Joanna','Orlowska',244,null);
INSERT INTO employee (epn,email, position_id, first_name, last_name, brn,user_epn) VALUES (17192,'maria.krygier@bank.pl',5,'Maria','Krygier',235,null);
INSERT INTO employee (epn,email, position_id, first_name, last_name, brn,user_epn) VALUES (19899,'jolanta.chalaszczyk@bank.pl',5,'Jolanta','Chalaszczyk',265,null);
INSERT INTO employee (epn,email, position_id, first_name, last_name, brn,user_epn) VALUES (17304,'lidia.dudek@bank.pl',5,'Lidia','Dudek',375,null);
INSERT INTO employee (epn,email, position_id, first_name, last_name, brn,user_epn) VALUES (15913,'waldemar.kowal@bank.pl',5,'Waldemar','Kowal',393,null);
INSERT INTO employee (epn,email, position_id, first_name, last_name, brn,user_epn) VALUES (19893,'ilona.cyrankowska@bank.pl',5,'Ilona','Cyrankowska',208,null);
INSERT INTO employee (epn,email, position_id, first_name, last_name, brn,user_epn) VALUES (16440,'hanna.imbierowicz@bank.pl',5,'Hanna','Imbierowicz',269,null);
INSERT INTO employee (epn,email, position_id, first_name, last_name, brn,user_epn) VALUES (11844,'henryk.karlowski@bank.pl',5,'Henryk','Karlowski',222,null);
INSERT INTO employee (epn,email, position_id, first_name, last_name, brn,user_epn) VALUES (16175,'joanna.nowakowska@bank.pl',5,'Joanna','Nowakowska',243,null);
INSERT INTO employee (epn,email, position_id, first_name, last_name, brn,user_epn) VALUES (19215,'hubert.witkowski@bank.pl',5,'Hubert','Witkowski',198,null);
INSERT INTO employee (epn,email, position_id, first_name, last_name, brn,user_epn) VALUES (10215,'kinga.walentowicz@bank.pl',5,'Kinga','Walentowicz',117,null);
INSERT INTO employee (epn,email, position_id, first_name, last_name, brn,user_epn) VALUES (11458,'dorota.gumowska@bank.pl',5,'Dorota','Gumowska',277,null);
INSERT INTO employee (epn,email, position_id, first_name, last_name, brn,user_epn) VALUES (15227,'alicja.duch@bank.pl',5,'Alicja','Duch',13,null);
INSERT INTO employee (epn,email, position_id, first_name, last_name, brn,user_epn) VALUES (17451,'borys.misz@bank.pl',5,'Borys','Misz',156,null);
INSERT INTO employee (epn,email, position_id, first_name, last_name, brn,user_epn) VALUES (18120,'karol.barski@bank.pl',5,'Karol','Barski',107,null);
INSERT INTO employee (epn,email, position_id, first_name, last_name, brn,user_epn) VALUES (14763,'bartkowiak.bartlomiej@bank.pl',5,'Bartkowiak','Bartlomiej',300,null);
INSERT INTO employee (epn,email, position_id, first_name, last_name, brn,user_epn) VALUES (16205,'benetkiewicz.piotr@bank.pl',5,'Benetkiewicz','Piotr',150,null);
INSERT INTO employee (epn,email, position_id, first_name, last_name, brn,user_epn) VALUES (12338,'maciej.ciborski@bank.pl',5,'Maciej','Ciborski',20,null);
INSERT INTO employee (epn,email, position_id, first_name, last_name, brn,user_epn) VALUES (12938,'radoslaw.gesicki@bank.pl',5,'Radoslaw','Gesicki',131,null);
INSERT INTO employee (epn,email, position_id, first_name, last_name, brn,user_epn) VALUES (16278,'monika.grajkowska@bank.pl',5,'Monika','Grajkowska',41,null);
INSERT INTO employee (epn,email, position_id, first_name, last_name, brn,user_epn) VALUES (14040,'adela.juszczyk@bank.pl',5,'Adela','Juszczyk',278,null);
INSERT INTO employee (epn,email, position_id, first_name, last_name, brn,user_epn) VALUES (16255,'karol.kolasinski@bank.pl',5,'Karol','Kolasinski',369,null);
INSERT INTO employee (epn,email, position_id, first_name, last_name, brn,user_epn) VALUES (18763,'kamila.kosicka@bank.pl',5,'Kamila','Kosicka',342,null);
INSERT INTO employee (epn,email, position_id, first_name, last_name, brn,user_epn) VALUES (12054,'jakub.kupinski@bank.pl',5,'Jakub','Kupinski',113,null);
INSERT INTO employee (epn,email, position_id, first_name, last_name, brn,user_epn) VALUES (13553,'artur.lipinski@bank.pl',5,'Artur','Lipinski',262,null);
INSERT INTO employee (epn,email, position_id, first_name, last_name, brn,user_epn) VALUES (11167,'adam.malkowski@bank.pl',5,'Adam','Malkowski',315,null);
INSERT INTO employee (epn,email, position_id, first_name, last_name, brn,user_epn) VALUES (18530,'przemyslaw.noch@bank.pl',5,'Przemyslaw','Noch',377,null);
INSERT INTO employee (epn,email, position_id, first_name, last_name, brn,user_epn) VALUES (14009,'karolina.nowicka@bank.pl',5,'Karolina','Nowicka',194,null);
INSERT INTO employee (epn,email, position_id, first_name, last_name, brn,user_epn) VALUES (19281,'justyna.pawlak@bank.pl',5,'Justyna','Pawlak',95,null);
INSERT INTO employee (epn,email, position_id, first_name, last_name, brn,user_epn) VALUES (16590,'jaroslaw.pawlowski@bank.pl',5,'Jaroslaw','Pawlowski',126,null);
INSERT INTO employee (epn,email, position_id, first_name, last_name, brn,user_epn) VALUES (15673,'jacek.plaskowski@bank.pl',5,'Jacek','Plaskowski',219,null);
INSERT INTO employee (epn,email, position_id, first_name, last_name, brn,user_epn) VALUES (12830,'krzysztof.ruminski@bank.pl',5,'Krzysztof','Ruminski',51,null);
INSERT INTO employee (epn,email, position_id, first_name, last_name, brn,user_epn) VALUES (14453,'wojciech.szalewski@bank.pl',5,'Wojciech','Szalewski',199,null);
INSERT INTO employee (epn,email, position_id, first_name, last_name, brn,user_epn) VALUES (17980,'maciej.szewczyk@bank.pl',5,'Maciej','Szewczyk',142,null);
INSERT INTO employee (epn,email, position_id, first_name, last_name, brn,user_epn) VALUES (18418,'agnieszka.wadowska@bank.pl',5,'Agnieszka','Wadowska',28,null);
INSERT INTO employee (epn,email, position_id, first_name, last_name, brn,user_epn) VALUES (11952,'marta.wilkonska@bank.pl',5,'Marta','Wilkonska',58,null);
INSERT INTO employee (epn,email, position_id, first_name, last_name, brn,user_epn) VALUES (13752,'magdalena.bojanowska@bank.pl',5,'Magdalena','Bojanowska',88,null);
INSERT INTO employee (epn,email, position_id, first_name, last_name, brn,user_epn) VALUES (17752,'pawel.czyza@bank.pl',5,'Pawel','Czyza',274,null);
INSERT INTO employee (epn,email, position_id, first_name, last_name, brn,user_epn) VALUES (15851,'grabania.malgorzata@bank.pl',5,'Grabania','Malgorzata',203,null);
INSERT INTO employee (epn,email, position_id, first_name, last_name, brn,user_epn) VALUES (10120,'monika.kadajska@bank.pl',5,'Monika','Kadajska',144,null);
INSERT INTO employee (epn,email, position_id, first_name, last_name, brn,user_epn) VALUES (14887,'izabela.biernacka@bank.pl',5,'Izabela','Biernacka',230,null);
INSERT INTO employee (epn,email, position_id, first_name, last_name, brn,user_epn) VALUES (18990,'marcin.blaszkiewicz@bank.pl',5,'Marcin','Blaszkiewicz',75,null);
INSERT INTO employee (epn,email, position_id, first_name, last_name, brn,user_epn) VALUES (12100,'ilona.ciecharowska@bank.pl',5,'Ilona','Ciecharowska',100,null);
INSERT INTO employee (epn,email, position_id, first_name, last_name, brn,user_epn) VALUES (14921,'monika.cyrankowska@bank.pl',5,'Monika','Cyrankowska',229,null);
INSERT INTO employee (epn,email, position_id, first_name, last_name, brn,user_epn) VALUES (19128,'daniel.dankowski@bank.pl',5,'Daniel','Dankowski',181,null);
INSERT INTO employee (epn,email, position_id, first_name, last_name, brn,user_epn) VALUES (11606,'alicja.draszczyk@bank.pl',5,'Alicja','Draszczyk',162,null);
INSERT INTO employee (epn,email, position_id, first_name, last_name, brn,user_epn) VALUES (13276,'joanna.duszynska@bank.pl',5,'Joanna','Duszynska',331,null);
INSERT INTO employee (epn,email, position_id, first_name, last_name, brn,user_epn) VALUES (10937,'anna.gumowska@bank.pl',5,'Anna','Gumowska',216,null);
INSERT INTO employee (epn,email, position_id, first_name, last_name, brn,user_epn) VALUES (12361,'joanna.imbierowicz@bank.pl',5,'Joanna','Imbierowicz',83,null);
INSERT INTO employee (epn,email, position_id, first_name, last_name, brn,user_epn) VALUES (16338,'sylwia.koronska@bank.pl',5,'Sylwia','Koronska',185,null);
INSERT INTO employee (epn,email, position_id, first_name, last_name, brn,user_epn) VALUES (19696,'katarzyna.lukaszewska@bank.pl',5,'Katarzyna','lukaszewska',339,null);
INSERT INTO employee (epn,email, position_id, first_name, last_name, brn,user_epn) VALUES (13845,'agnieszka.modlinska@bank.pl',5,'Agnieszka','Modlinska',389,null);
INSERT INTO employee (epn,email, position_id, first_name, last_name, brn,user_epn) VALUES (10959,'mariola.polarek@bank.pl',5,'Mariola','Polarek',87,null);
INSERT INTO employee (epn,email, position_id, first_name, last_name, brn,user_epn) VALUES (11902,'witold.pieczatowski@bank.pl',5,'Witold','Pieczatowski',209,null);
INSERT INTO employee (epn,email, position_id, first_name, last_name, brn,user_epn) VALUES (10349,'monika.trawinska@bank.pl',5,'Monika','Trawinska',294,null);
INSERT INTO employee (epn,email, position_id, first_name, last_name, brn,user_epn) VALUES (13498,'karolina.smoczynska@bank.pl',5,'Karolina','Smoczynska',29,null);
INSERT INTO employee (epn,email, position_id, first_name, last_name, brn,user_epn) VALUES (12144,'hanna.walentowicz@bank.pl',5,'Hanna','Walentowicz',275,null);
INSERT INTO employee (epn,email, position_id, first_name, last_name, brn,user_epn) VALUES (13984,'kinga.winiarska@bank.pl',5,'Kinga','Winiarska',112,null);
INSERT INTO employee (epn,email, position_id, first_name, last_name, brn,user_epn) VALUES (13323,'mariusz.walasz@bank.pl',5,'Mariusz','Walasz',321,null);
INSERT INTO employee (epn,email, position_id, first_name, last_name, brn,user_epn) VALUES (11650,'katarzyna.wojciechowska@bank.pl',5,'Katarzyna','Wojciechowska',43,null);
INSERT INTO employee (epn,email, position_id, first_name, last_name, brn,user_epn) VALUES (19687,'monika.zawadzka@bank.pl',5,'Monika','Zawadzka',270,null);
INSERT INTO employee (epn,email, position_id, first_name, last_name, brn,user_epn) VALUES (18351,'magdalena.wronikowska@bank.pl',5,'Magdalena','Wronikowska',96,null);
INSERT INTO employee (epn,email, position_id, first_name, last_name, brn,user_epn) VALUES (13163,'bednarczyk.lukasz@bank.pl',5,'Bednarczyk','Lukasz',42,null);
INSERT INTO employee (epn,email, position_id, first_name, last_name, brn,user_epn) VALUES (13119,'marcin.janas@bank.pl',5,'Marcin','Janas',223,null);
INSERT INTO employee (epn,email, position_id, first_name, last_name, brn,user_epn) VALUES (16132,'szymon.januszkiewicz@bank.pl',5,'Szymon','Januszkiewicz',76,null);
INSERT INTO employee (epn,email, position_id, first_name, last_name, brn,user_epn) VALUES (15759,'agnieszka.kaznowska@bank.pl',5,'Agnieszka','Kaznowska',330,null);
INSERT INTO employee (epn,email, position_id, first_name, last_name, brn,user_epn) VALUES (16111,'dawid.korda@bank.pl',5,'Dawid','Korda',148,null);
INSERT INTO employee (epn,email, position_id, first_name, last_name, brn,user_epn) VALUES (18866,'pawel.kosicki@bank.pl',5,'Pawel','Kosicki',215,null);
INSERT INTO employee (epn,email, position_id, first_name, last_name, brn,user_epn) VALUES (18163,'justyna.krankowska@bank.pl',5,'Justyna','Krankowska',182,null);
INSERT INTO employee (epn,email, position_id, first_name, last_name, brn,user_epn) VALUES (11615,'malgorzata.kurasz@bank.pl',5,'Malgorzata','Kurasz',359,null);
INSERT INTO employee (epn,email, position_id, first_name, last_name, brn,user_epn) VALUES (16489,'beata.miler@bank.pl',5,'Beata','Miler',82,null);
INSERT INTO employee (epn,email, position_id, first_name, last_name, brn,user_epn) VALUES (13372,'tomasz.nielepiec@bank.pl',5,'Tomasz','Nielepiec',110,null);
INSERT INTO employee (epn,email, position_id, first_name, last_name, brn,user_epn) VALUES (10712,'iwona.pietrzak@bank.pl',5,'Iwona','Pietrzak',60,null);
INSERT INTO employee (epn,email, position_id, first_name, last_name, brn,user_epn) VALUES (16946,'piotr.pirogowski@bank.pl',5,'Piotr','Pirogowski',78,null);
INSERT INTO employee (epn,email, position_id, first_name, last_name, brn,user_epn) VALUES (13332,'monika.romanska@bank.pl',5,'Monika','Romanska',140,null);
INSERT INTO employee (epn,email, position_id, first_name, last_name, brn,user_epn) VALUES (10263,'przemyslaw.sankiewicz@bank.pl',5,'Przemyslaw','Sankiewicz',258,null);
INSERT INTO employee (epn,email, position_id, first_name, last_name, brn,user_epn) VALUES (19362,'izabela.sibilak@bank.pl',5,'Izabela','Sibilak',212,null);
INSERT INTO employee (epn,email, position_id, first_name, last_name, brn,user_epn) VALUES (14445,'anna.siemiatkowska@bank.pl',5,'Anna','Siemiatkowska',238,null);
INSERT INTO employee (epn,email, position_id, first_name, last_name, brn,user_epn) VALUES (15817,'dorota.sowinska@bank.pl',2,'Dorota','Sowinska',240,null);
INSERT INTO employee (epn,email, position_id, first_name, last_name, brn,user_epn) VALUES (11959,'marta.srubka@bank.pl',2,'Marta','Srubka',232,null);
INSERT INTO employee (epn,email, position_id, first_name, last_name, brn,user_epn) VALUES (12958,'agnieszka.waruszewska@bank.pl',2,'Agnieszka','Waruszewska',289,null);
INSERT INTO employee (epn,email, position_id, first_name, last_name, brn,user_epn) VALUES (17855,'malgorzata.wichrowska@bank.pl',2,'Malgorzata','Wichrowska',303,null);
INSERT INTO employee (epn,email, position_id, first_name, last_name, brn,user_epn) VALUES (13986,'agata.wilczek@bank.pl',2,'Agata','Wilczek',260,null);
INSERT INTO employee (epn,email, position_id, first_name, last_name, brn,user_epn) VALUES (10692,'agnieszka.wiorowska@bank.pl',2,'Agnieszka','Wiorowska',244,null);
INSERT INTO employee (epn,email, position_id, first_name, last_name, brn,user_epn) VALUES (14193,'marcin.wirowski@bank.pl',2,'Marcin','Wirowski',235,null);
INSERT INTO employee (epn,email, position_id, first_name, last_name, brn,user_epn) VALUES (13666,'szymon.wozniak@bank.pl',2,'Szymon','Wozniak',265,null);
INSERT INTO employee (epn,email, position_id, first_name, last_name, brn,user_epn) VALUES (12365,'tomasz.zielinski@bank.pl',2,'Tomasz','Zielinski',375,null);
INSERT INTO employee (epn,email, position_id, first_name, last_name, brn,user_epn) VALUES (14643,'grzegorz.ostrowski@bank.pl',2,'Grzegorz','Ostrowski',393,null);
INSERT INTO employee (epn,email, position_id, first_name, last_name, brn,user_epn) VALUES (10134,'karolina.rutkowska@bank.pl',2,'Karolina','Rutkowska',208,null);
INSERT INTO employee (epn,email, position_id, first_name, last_name, brn,user_epn) VALUES (11143,'adrian.jeziorski@bank.pl',2,'Adrian','Jeziorski',269,null);
INSERT INTO employee (epn,email, position_id, first_name, last_name, brn,user_epn) VALUES (19962,'kamila.zabielska@bank.pl',2,'Kamila','Zabielska',222,null);
INSERT INTO employee (epn,email, position_id, first_name, last_name, brn,user_epn) VALUES (10674,'dorota.borowiec@bank.pl',2,'Dorota','Borowiec',243,null);
INSERT INTO employee (epn,email, position_id, first_name, last_name, brn,user_epn) VALUES (17818,'mariusz.rawski@bank.pl',2,'Mariusz','Rawski',198,null);
INSERT INTO employee (epn,email, position_id, first_name, last_name, brn,user_epn) VALUES (12333,'andrzej.borowski@bank.pl',2,'Andrzej','Borowski',117,null);
INSERT INTO employee (epn,email, position_id, first_name, last_name, brn,user_epn) VALUES (13029,'eugenia.kandulska@bank.pl',2,'Eugenia','Kandulska',277,null);
INSERT INTO employee (epn,email, position_id, first_name, last_name, brn,user_epn) VALUES (10001,'jaroslaw.lipa@bank.pl',9,'Jarosław','Lipa',999,null);
INSERT INTO employee (epn,email, position_id, first_name, last_name, brn,user_epn) VALUES (10002,'anna.bukowa@bank.pl',9,'Anna','Bukowa',999,null);
INSERT INTO employee (epn,email, position_id, first_name, last_name, brn,user_epn) VALUES (10003,'malgorzata.suwa@bank.pl',9,'Małgorzata','Suwa',999,null);
INSERT INTO employee (epn,email, position_id, first_name, last_name, brn,user_epn) VALUES (10004,'krzysztof.wegiel@bank.pl',9,'Krzysztof','Węgiel',999,null);
INSERT INTO employee (epn,email, position_id, first_name, last_name, brn,user_epn) VALUES (10005,'piotr.pioro@bank.pl',9,'Piotr','Pióro',999,null);
INSERT INTO employee (epn,email, position_id, first_name, last_name, brn,user_epn) VALUES (10006,'beata.bin@bank.pl',9,'Beata','Bin',999,null);
INSERT INTO employee (epn,email, position_id, first_name, last_name, brn,user_epn) VALUES (10007,'beata.jendra@bank.pl',9,'Beata','Jendra',999,null);

INSERT INTO test_result (id,name) VALUES (1,'Zgodny');
INSERT INTO test_result (id,name) VALUES (2,'Nadwyżka');
INSERT INTO test_result (id,name) VALUES (3,'Niedobór');
INSERT INTO test_result (id,name) VALUES (4,'Brak pracownika');
INSERT INTO test_result (id,name) VALUES (5,'Tak');
INSERT INTO test_result (id,name) VALUES (6,'Nie');
INSERT INTO test_result (id,name) VALUES (7,'ND');

INSERT INTO test (id,status, name,type_id) VALUES (1,1,'Zgodność stanu gotówki',2);
INSERT INTO test (id,status, name,type_id) VALUES (2,1,'Przestrzeganie limitów gotówki',2);
INSERT INTO test (id,status, name,type_id) VALUES (3,1,'Blokowanie komputera',3);
INSERT INTO test (id,status, name,type_id) VALUES (4,1,'Zabezpieczanie dokumentacji',3);
INSERT INTO test (id,status, name,type_id) VALUES (5,0,'Oznakowanie stanowisk',1);
INSERT INTO test (id,status, name,type_id) VALUES (6,0,'Używanie identyfikatora',1);


INSERT INTO `tests_results` (test_result_id,test_id) VALUES (1,1);
INSERT INTO `tests_results` (test_result_id,test_id) VALUES (2,1);
INSERT INTO `tests_results` (test_result_id,test_id) VALUES (3,1);
INSERT INTO `tests_results` (test_result_id,test_id) VALUES (4,1);
INSERT INTO `tests_results` (test_result_id,test_id) VALUES (5,2);
INSERT INTO `tests_results` (test_result_id,test_id) VALUES (6,2);
INSERT INTO `tests_results` (test_result_id,test_id) VALUES (4,2);
INSERT INTO `tests_results` (test_result_id,test_id) VALUES (5,3);
INSERT INTO `tests_results` (test_result_id,test_id) VALUES (6,3);
INSERT INTO `tests_results` (test_result_id,test_id) VALUES (4,3);
INSERT INTO `tests_results` (test_result_id,test_id) VALUES (5,4);
INSERT INTO `tests_results` (test_result_id,test_id) VALUES (6,4);
INSERT INTO `tests_results` (test_result_id,test_id) VALUES (4,4);
INSERT INTO `tests_results` (test_result_id,test_id) VALUES (5,5);
INSERT INTO `tests_results` (test_result_id,test_id) VALUES (6,5);
INSERT INTO `tests_results` (test_result_id,test_id) VALUES (4,5);
INSERT INTO `tests_results` (test_result_id,test_id) VALUES (5,6);
INSERT INTO `tests_results` (test_result_id,test_id) VALUES (6,6);
INSERT INTO `tests_results` (test_result_id,test_id) VALUES (4,6);

SET FOREIGN_KEY_CHECKS=0;
INSERT INTO commission (id, date,status,deadline,brn,epn,type_id) VALUES (1,'2019-08-21 14:26:02',1,'2019-09-15 00:00:00',58,10002,2);
INSERT INTO commission (id, date,status,deadline,brn,epn,type_id) VALUES (2,'2019-08-21 14:26:52',1,'2019-09-15 00:00:00',58,10002,3);
INSERT INTO commission (id, date,status,deadline,brn,epn,type_id) VALUES (3,null,0,'2019-09-30 00:00:00',28,10002,2);
INSERT INTO commission (id, date,status,deadline,brn,epn,type_id) VALUES (4,null,0,'2019-09-30 00:00:00',28,10002,3);
INSERT INTO commission (id, date,status,deadline,brn,epn,type_id) VALUES (5,null,0,'2019-09-30 00:00:00',88,10002,2);
INSERT INTO commission (id, date,status,deadline,brn,epn,type_id) VALUES (6,null,0,'2019-09-30 00:00:00',88,10002,3);
INSERT INTO commission (id, date,status,deadline,brn,epn,type_id) VALUES (7,null,0,'2019-09-15 00:00:00',377,10003,2);
INSERT INTO commission (id, date,status,deadline,brn,epn,type_id) VALUES (8,null,0,'2019-09-15 00:00:00',377,10003,3);
INSERT INTO commission (id, date,status,deadline,brn,epn,type_id) VALUES (9,null,0,'2019-09-30 00:00:00',249,10003,2);
INSERT INTO commission (id, date,status,deadline,brn,epn,type_id) VALUES (10,'2019-08-21 14:27:56',1,'2019-09-30 00:00:00',209,10003,2);
INSERT INTO commission (id, date,status,deadline,brn,epn,type_id) VALUES (11,'2019-08-21 14:28:30',1,'2019-09-30 00:00:00',209,10003,3);
INSERT INTO commission (id, date,status,deadline,brn,epn,type_id) VALUES (12,null,0,'2019-09-30 00:00:00',249,10003,3);

INSERT INTO `control_case` (id,commission_id, epn) VALUES (1,1,11290);
INSERT INTO `control_case` (id,commission_id, epn) VALUES (2,1,11952);
INSERT INTO `control_case` (id,commission_id, epn) VALUES (3,1,13328);
INSERT INTO `control_case` (id,commission_id, epn) VALUES (4,1,13962);
INSERT INTO `control_case` (id,commission_id, epn) VALUES (5,1,15672);
INSERT INTO `control_case` (id,commission_id, epn) VALUES (6,1,19985);
INSERT INTO `control_case` (id,commission_id, epn) VALUES (7,2,11290);
INSERT INTO `control_case` (id,commission_id, epn) VALUES (8,2,11952);
INSERT INTO `control_case` (id,commission_id, epn) VALUES (9,2,13328);
INSERT INTO `control_case` (id,commission_id, epn) VALUES (10,2,13962);
INSERT INTO `control_case` (id,commission_id, epn) VALUES (11,2,15672);
INSERT INTO `control_case` (id,commission_id, epn) VALUES (12,2,19985);
INSERT INTO `control_case` (id,commission_id, epn) VALUES (13,3,11136);
INSERT INTO `control_case` (id,commission_id, epn) VALUES (14,3,12801);
INSERT INTO `control_case` (id,commission_id, epn) VALUES (15,3,13271);
INSERT INTO `control_case` (id,commission_id, epn) VALUES (16,3,15979);
INSERT INTO `control_case` (id,commission_id, epn) VALUES (17,3,17111);
INSERT INTO `control_case` (id,commission_id, epn) VALUES (18,3,18418);
INSERT INTO `control_case` (id,commission_id, epn) VALUES (19,4,11136);
INSERT INTO `control_case` (id,commission_id, epn) VALUES (20,4,12801);
INSERT INTO `control_case` (id,commission_id, epn) VALUES (21,4,13271);
INSERT INTO `control_case` (id,commission_id, epn) VALUES (22,4,15979);
INSERT INTO `control_case` (id,commission_id, epn) VALUES (23,4,17111);
INSERT INTO `control_case` (id,commission_id, epn) VALUES (24,4,18418);
INSERT INTO `control_case` (id,commission_id, epn) VALUES (25,5,10511);
INSERT INTO `control_case` (id,commission_id, epn) VALUES (26,5,12222);
INSERT INTO `control_case` (id,commission_id, epn) VALUES (27,5,12945);
INSERT INTO `control_case` (id,commission_id, epn) VALUES (28,5,13752);
INSERT INTO `control_case` (id,commission_id, epn) VALUES (29,5,15458);
INSERT INTO `control_case` (id,commission_id, epn) VALUES (30,5,18707);
INSERT INTO `control_case` (id,commission_id, epn) VALUES (31,6,10511);
INSERT INTO `control_case` (id,commission_id, epn) VALUES (32,6,12222);
INSERT INTO `control_case` (id,commission_id, epn) VALUES (33,6,12945);
INSERT INTO `control_case` (id,commission_id, epn) VALUES (34,6,13752);
INSERT INTO `control_case` (id,commission_id, epn) VALUES (35,6,15458);
INSERT INTO `control_case` (id,commission_id, epn) VALUES (36,6,18707);
INSERT INTO `control_case` (id,commission_id, epn) VALUES (37,7,11035);
INSERT INTO `control_case` (id,commission_id, epn) VALUES (38,7,11915);
INSERT INTO `control_case` (id,commission_id, epn) VALUES (39,7,12298);
INSERT INTO `control_case` (id,commission_id, epn) VALUES (40,7,13540);
INSERT INTO `control_case` (id,commission_id, epn) VALUES (41,7,14037);
INSERT INTO `control_case` (id,commission_id, epn) VALUES (42,7,18530);
INSERT INTO `control_case` (id,commission_id, epn) VALUES (43,8,11035);
INSERT INTO `control_case` (id,commission_id, epn) VALUES (44,8,11915);
INSERT INTO `control_case` (id,commission_id, epn) VALUES (45,8,12298);
INSERT INTO `control_case` (id,commission_id, epn) VALUES (46,8,13540);
INSERT INTO `control_case` (id,commission_id, epn) VALUES (47,8,14037);
INSERT INTO `control_case` (id,commission_id, epn) VALUES (48,8,18530);
INSERT INTO `control_case` (id,commission_id, epn) VALUES (49,9,11979);
INSERT INTO `control_case` (id,commission_id, epn) VALUES (50,9,12648);
INSERT INTO `control_case` (id,commission_id, epn) VALUES (51,9,14091);
INSERT INTO `control_case` (id,commission_id, epn) VALUES (52,9,16845);
INSERT INTO `control_case` (id,commission_id, epn) VALUES (53,9,18715);
INSERT INTO `control_case` (id,commission_id, epn) VALUES (54,9,18819);
INSERT INTO `control_case` (id,commission_id, epn) VALUES (55,10,10166);
INSERT INTO `control_case` (id,commission_id, epn) VALUES (56,10,11432);
INSERT INTO `control_case` (id,commission_id, epn) VALUES (57,10,11902);
INSERT INTO `control_case` (id,commission_id, epn) VALUES (58,10,13025);
INSERT INTO `control_case` (id,commission_id, epn) VALUES (59,10,13288);
INSERT INTO `control_case` (id,commission_id, epn) VALUES (60,10,17852);
INSERT INTO `control_case` (id,commission_id, epn) VALUES (61,11,10166);
INSERT INTO `control_case` (id,commission_id, epn) VALUES (62,11,11432);
INSERT INTO `control_case` (id,commission_id, epn) VALUES (63,11,11902);
INSERT INTO `control_case` (id,commission_id, epn) VALUES (64,11,13025);
INSERT INTO `control_case` (id,commission_id, epn) VALUES (65,11,13288);
INSERT INTO `control_case` (id,commission_id, epn) VALUES (66,11,17852);
INSERT INTO `control_case` (id,commission_id, epn) VALUES (67,12,11979);
INSERT INTO `control_case` (id,commission_id, epn) VALUES (68,12,12648);
INSERT INTO `control_case` (id,commission_id, epn) VALUES (69,12,14091);
INSERT INTO `control_case` (id,commission_id, epn) VALUES (70,12,16845);
INSERT INTO `control_case` (id,commission_id, epn) VALUES (71,12,18715);
INSERT INTO `control_case` (id,commission_id, epn) VALUES (72,12,18819);

INSERT INTO result (id, control_case_id, test_id, test_result_id) VALUES (1,1,1,1);
INSERT INTO result (id, control_case_id, test_id, test_result_id) VALUES (2,1,2,5);
INSERT INTO result (id, control_case_id, test_id, test_result_id) VALUES (3,2,1,1);
INSERT INTO result (id, control_case_id, test_id, test_result_id) VALUES (4,2,2,6);
INSERT INTO result (id, control_case_id, test_id, test_result_id) VALUES (5,3,1,4);
INSERT INTO result (id, control_case_id, test_id, test_result_id) VALUES (6,3,2,4);
INSERT INTO result (id, control_case_id, test_id, test_result_id) VALUES (7,4,1,1);
INSERT INTO result (id, control_case_id, test_id, test_result_id) VALUES (8,4,2,5);
INSERT INTO result (id, control_case_id, test_id, test_result_id) VALUES (9,5,1,2);
INSERT INTO result (id, control_case_id, test_id, test_result_id) VALUES (10,5,2,5);
INSERT INTO result (id, control_case_id, test_id, test_result_id) VALUES (11,6,1,3);
INSERT INTO result (id, control_case_id, test_id, test_result_id) VALUES (12,6,2,5);
INSERT INTO result (id, control_case_id, test_id, test_result_id) VALUES (13,7,3,5);
INSERT INTO result (id, control_case_id, test_id, test_result_id) VALUES (14,7,4,5);
INSERT INTO result (id, control_case_id, test_id, test_result_id) VALUES (15,8,3,5);
INSERT INTO result (id, control_case_id, test_id, test_result_id) VALUES (16,8,4,5);
INSERT INTO result (id, control_case_id, test_id, test_result_id) VALUES (17,9,3,4);
INSERT INTO result (id, control_case_id, test_id, test_result_id) VALUES (18,9,4,4);
INSERT INTO result (id, control_case_id, test_id, test_result_id) VALUES (19,10,3,5);
INSERT INTO result (id, control_case_id, test_id, test_result_id) VALUES (20,10,4,6);
INSERT INTO result (id, control_case_id, test_id, test_result_id) VALUES (21,11,3,6);
INSERT INTO result (id, control_case_id, test_id, test_result_id) VALUES (22,11,4,6);
INSERT INTO result (id, control_case_id, test_id, test_result_id) VALUES (23,12,3,5);
INSERT INTO result (id, control_case_id, test_id, test_result_id) VALUES (24,12,4,5);
INSERT INTO result (id, control_case_id, test_id, test_result_id) VALUES (25,13,1,null);
INSERT INTO result (id, control_case_id, test_id, test_result_id) VALUES (26,13,2,null);
INSERT INTO result (id, control_case_id, test_id, test_result_id) VALUES (27,14,1,null);
INSERT INTO result (id, control_case_id, test_id, test_result_id) VALUES (28,14,2,null);
INSERT INTO result (id, control_case_id, test_id, test_result_id) VALUES (29,15,1,null);
INSERT INTO result (id, control_case_id, test_id, test_result_id) VALUES (30,15,2,null);
INSERT INTO result (id, control_case_id, test_id, test_result_id) VALUES (31,16,1,null);
INSERT INTO result (id, control_case_id, test_id, test_result_id) VALUES (32,16,2,null);
INSERT INTO result (id, control_case_id, test_id, test_result_id) VALUES (33,17,1,null);
INSERT INTO result (id, control_case_id, test_id, test_result_id) VALUES (34,17,2,null);
INSERT INTO result (id, control_case_id, test_id, test_result_id) VALUES (35,18,1,null);
INSERT INTO result (id, control_case_id, test_id, test_result_id) VALUES (36,18,2,null);
INSERT INTO result (id, control_case_id, test_id, test_result_id) VALUES (37,19,3,null);
INSERT INTO result (id, control_case_id, test_id, test_result_id) VALUES (38,19,4,null);
INSERT INTO result (id, control_case_id, test_id, test_result_id) VALUES (39,20,3,null);
INSERT INTO result (id, control_case_id, test_id, test_result_id) VALUES (40,20,4,null);
INSERT INTO result (id, control_case_id, test_id, test_result_id) VALUES (41,21,3,null);
INSERT INTO result (id, control_case_id, test_id, test_result_id) VALUES (42,21,4,null);
INSERT INTO result (id, control_case_id, test_id, test_result_id) VALUES (43,22,3,null);
INSERT INTO result (id, control_case_id, test_id, test_result_id) VALUES (44,22,4,null);
INSERT INTO result (id, control_case_id, test_id, test_result_id) VALUES (45,23,3,null);
INSERT INTO result (id, control_case_id, test_id, test_result_id) VALUES (46,23,4,null);
INSERT INTO result (id, control_case_id, test_id, test_result_id) VALUES (47,24,3,null);
INSERT INTO result (id, control_case_id, test_id, test_result_id) VALUES (48,24,4,null);
INSERT INTO result (id, control_case_id, test_id, test_result_id) VALUES (49,25,1,null);
INSERT INTO result (id, control_case_id, test_id, test_result_id) VALUES (50,25,2,null);
INSERT INTO result (id, control_case_id, test_id, test_result_id) VALUES (51,26,1,null);
INSERT INTO result (id, control_case_id, test_id, test_result_id) VALUES (52,26,2,null);
INSERT INTO result (id, control_case_id, test_id, test_result_id) VALUES (53,27,1,null);
INSERT INTO result (id, control_case_id, test_id, test_result_id) VALUES (54,27,2,null);
INSERT INTO result (id, control_case_id, test_id, test_result_id) VALUES (55,28,1,null);
INSERT INTO result (id, control_case_id, test_id, test_result_id) VALUES (56,28,2,null);
INSERT INTO result (id, control_case_id, test_id, test_result_id) VALUES (57,29,1,null);
INSERT INTO result (id, control_case_id, test_id, test_result_id) VALUES (58,29,2,null);
INSERT INTO result (id, control_case_id, test_id, test_result_id) VALUES (59,30,1,null);
INSERT INTO result (id, control_case_id, test_id, test_result_id) VALUES (60,30,2,null);
INSERT INTO result (id, control_case_id, test_id, test_result_id) VALUES (61,31,3,null);
INSERT INTO result (id, control_case_id, test_id, test_result_id) VALUES (62,31,4,null);
INSERT INTO result (id, control_case_id, test_id, test_result_id) VALUES (63,32,3,null);
INSERT INTO result (id, control_case_id, test_id, test_result_id) VALUES (64,32,4,null);
INSERT INTO result (id, control_case_id, test_id, test_result_id) VALUES (65,33,3,null);
INSERT INTO result (id, control_case_id, test_id, test_result_id) VALUES (66,33,4,null);
INSERT INTO result (id, control_case_id, test_id, test_result_id) VALUES (67,34,3,null);
INSERT INTO result (id, control_case_id, test_id, test_result_id) VALUES (68,34,4,null);
INSERT INTO result (id, control_case_id, test_id, test_result_id) VALUES (69,35,3,null);
INSERT INTO result (id, control_case_id, test_id, test_result_id) VALUES (70,35,4,null);
INSERT INTO result (id, control_case_id, test_id, test_result_id) VALUES (71,36,3,null);
INSERT INTO result (id, control_case_id, test_id, test_result_id) VALUES (72,36,4,null);
INSERT INTO result (id, control_case_id, test_id, test_result_id) VALUES (73,37,1,null);
INSERT INTO result (id, control_case_id, test_id, test_result_id) VALUES (74,37,2,null);
INSERT INTO result (id, control_case_id, test_id, test_result_id) VALUES (75,38,1,null);
INSERT INTO result (id, control_case_id, test_id, test_result_id) VALUES (76,38,2,null);
INSERT INTO result (id, control_case_id, test_id, test_result_id) VALUES (77,39,1,null);
INSERT INTO result (id, control_case_id, test_id, test_result_id) VALUES (78,39,2,null);
INSERT INTO result (id, control_case_id, test_id, test_result_id) VALUES (79,40,1,null);
INSERT INTO result (id, control_case_id, test_id, test_result_id) VALUES (80,40,2,null);
INSERT INTO result (id, control_case_id, test_id, test_result_id) VALUES (81,41,1,null);
INSERT INTO result (id, control_case_id, test_id, test_result_id) VALUES (82,41,2,null);
INSERT INTO result (id, control_case_id, test_id, test_result_id) VALUES (83,42,1,null);
INSERT INTO result (id, control_case_id, test_id, test_result_id) VALUES (84,42,2,null);
INSERT INTO result (id, control_case_id, test_id, test_result_id) VALUES (85,43,3,null);
INSERT INTO result (id, control_case_id, test_id, test_result_id) VALUES (86,43,4,null);
INSERT INTO result (id, control_case_id, test_id, test_result_id) VALUES (87,44,3,null);
INSERT INTO result (id, control_case_id, test_id, test_result_id) VALUES (88,44,4,null);
INSERT INTO result (id, control_case_id, test_id, test_result_id) VALUES (89,45,3,null);
INSERT INTO result (id, control_case_id, test_id, test_result_id) VALUES (90,45,4,null);
INSERT INTO result (id, control_case_id, test_id, test_result_id) VALUES (91,46,3,null);
INSERT INTO result (id, control_case_id, test_id, test_result_id) VALUES (92,46,4,null);
INSERT INTO result (id, control_case_id, test_id, test_result_id) VALUES (93,47,3,null);
INSERT INTO result (id, control_case_id, test_id, test_result_id) VALUES (94,47,4,null);
INSERT INTO result (id, control_case_id, test_id, test_result_id) VALUES (95,48,3,null);
INSERT INTO result (id, control_case_id, test_id, test_result_id) VALUES (96,48,4,null);
INSERT INTO result (id, control_case_id, test_id, test_result_id) VALUES (97,49,1,null);
INSERT INTO result (id, control_case_id, test_id, test_result_id) VALUES (98,49,2,null);
INSERT INTO result (id, control_case_id, test_id, test_result_id) VALUES (99,50,1,null);
INSERT INTO result (id, control_case_id, test_id, test_result_id) VALUES (100,50,2,null);
INSERT INTO result (id, control_case_id, test_id, test_result_id) VALUES (101,51,1,null);
INSERT INTO result (id, control_case_id, test_id, test_result_id) VALUES (102,51,2,null);
INSERT INTO result (id, control_case_id, test_id, test_result_id) VALUES (103,52,1,null);
INSERT INTO result (id, control_case_id, test_id, test_result_id) VALUES (104,52,2,null);
INSERT INTO result (id, control_case_id, test_id, test_result_id) VALUES (105,53,1,null);
INSERT INTO result (id, control_case_id, test_id, test_result_id) VALUES (106,53,2,null);
INSERT INTO result (id, control_case_id, test_id, test_result_id) VALUES (107,54,1,null);
INSERT INTO result (id, control_case_id, test_id, test_result_id) VALUES (108,54,2,null);
INSERT INTO result (id, control_case_id, test_id, test_result_id) VALUES (109,55,1,null);
INSERT INTO result (id, control_case_id, test_id, test_result_id) VALUES (110,55,2,null);
INSERT INTO result (id, control_case_id, test_id, test_result_id) VALUES (111,56,1,null);
INSERT INTO result (id, control_case_id, test_id, test_result_id) VALUES (112,56,2,null);
INSERT INTO result (id, control_case_id, test_id, test_result_id) VALUES (113,57,1,null);
INSERT INTO result (id, control_case_id, test_id, test_result_id) VALUES (114,57,2,null);
INSERT INTO result (id, control_case_id, test_id, test_result_id) VALUES (115,58,1,null);
INSERT INTO result (id, control_case_id, test_id, test_result_id) VALUES (116,58,2,null);
INSERT INTO result (id, control_case_id, test_id, test_result_id) VALUES (117,59,1,null);
INSERT INTO result (id, control_case_id, test_id, test_result_id) VALUES (118,59,2,null);
INSERT INTO result (id, control_case_id, test_id, test_result_id) VALUES (119,60,1,null);
INSERT INTO result (id, control_case_id, test_id, test_result_id) VALUES (120,60,2,null);
INSERT INTO result (id, control_case_id, test_id, test_result_id) VALUES (121,61,3,null);
INSERT INTO result (id, control_case_id, test_id, test_result_id) VALUES (122,61,4,null);
INSERT INTO result (id, control_case_id, test_id, test_result_id) VALUES (123,62,3,null);
INSERT INTO result (id, control_case_id, test_id, test_result_id) VALUES (124,62,4,null);
INSERT INTO result (id, control_case_id, test_id, test_result_id) VALUES (125,63,3,null);
INSERT INTO result (id, control_case_id, test_id, test_result_id) VALUES (126,63,4,null);
INSERT INTO result (id, control_case_id, test_id, test_result_id) VALUES (127,64,3,null);
INSERT INTO result (id, control_case_id, test_id, test_result_id) VALUES (128,64,4,null);
INSERT INTO result (id, control_case_id, test_id, test_result_id) VALUES (129,65,3,null);
INSERT INTO result (id, control_case_id, test_id, test_result_id) VALUES (130,65,4,null);
INSERT INTO result (id, control_case_id, test_id, test_result_id) VALUES (131,66,3,null);
INSERT INTO result (id, control_case_id, test_id, test_result_id) VALUES (132,66,4,null);
INSERT INTO result (id, control_case_id, test_id, test_result_id) VALUES (133,67,3,null);
INSERT INTO result (id, control_case_id, test_id, test_result_id) VALUES (134,67,4,null);
INSERT INTO result (id, control_case_id, test_id, test_result_id) VALUES (135,68,3,null);
INSERT INTO result (id, control_case_id, test_id, test_result_id) VALUES (136,68,4,null);
INSERT INTO result (id, control_case_id, test_id, test_result_id) VALUES (137,69,3,null);
INSERT INTO result (id, control_case_id, test_id, test_result_id) VALUES (138,69,4,null);
INSERT INTO result (id, control_case_id, test_id, test_result_id) VALUES (139,70,3,null);
INSERT INTO result (id, control_case_id, test_id, test_result_id) VALUES (140,70,4,null);
INSERT INTO result (id, control_case_id, test_id, test_result_id) VALUES (141,71,3,null);
INSERT INTO result (id, control_case_id, test_id, test_result_id) VALUES (142,71,4,null);
INSERT INTO result (id, control_case_id, test_id, test_result_id) VALUES (143,72,3,null);
INSERT INTO result (id, control_case_id, test_id, test_result_id) VALUES (144,72,4,null);